mouseMove	window	FolderView	widget	2752896	date	2009 10 20 - 08:25:57	timeStampS	1256019957.33	injected	0	xPix	348	yPix	331	wheel	0	
mouseMove	window	FolderView	widget	2752896	date	2009 10 20 - 08:25:57	timeStampS	1256019957.35	injected	0	xPix	355	yPix	331	wheel	0	
mouseMove	window	FolderView	widget	2752896	date	2009 10 20 - 08:25:57	timeStampS	1256019957.36	injected	0	xPix	358	yPix	331	wheel	0	
mouseMove	window	FolderView	widget	2752896	date	2009 10 20 - 08:25:57	timeStampS	1256019957.37	injected	0	xPix	363	yPix	330	wheel	0	
mouseMove	window	FolderView	widget	2752896	date	2009 10 20 - 08:25:57	timeStampS	1256019957.38	injected	0	xPix	365	yPix	330	wheel	0	
mouseMove	window	FolderView	widget	2752896	date	2009 10 20 - 08:25:57	timeStampS	1256019957.39	injected	0	xPix	368	yPix	330	wheel	0	
mouseMove	window	FolderView	widget	2752896	date	2009 10 20 - 08:25:57	timeStampS	1256019957.4	injected	0	xPix	370	yPix	330	wheel	0	
mouseMove	window	FolderView	widget	2752896	date	2009 10 20 - 08:25:57	timeStampS	1256019957.41	injected	0	xPix	374	yPix	329	wheel	0	
mouseMove	window	FolderView	widget	2752896	date	2009 10 20 - 08:25:57	timeStampS	1256019957.42	injected	0	xPix	375	yPix	328	wheel	0	
mouseMove	window	FolderView	widget	2752896	date	2009 10 20 - 08:25:57	timeStampS	1256019957.43	injected	0	xPix	375	yPix	328	wheel	0	
mouseMove	window	FolderView	widget	2752896	date	2009 10 20 - 08:25:57	timeStampS	1256019957.44	injected	0	xPix	376	yPix	327	wheel	0	
mouseMove	window	FolderView	widget	2752896	date	2009 10 20 - 08:25:57	timeStampS	1256019957.45	injected	0	xPix	377	yPix	324	wheel	0	
mouseMove	window	FolderView	widget	2752896	date	2009 10 20 - 08:25:57	timeStampS	1256019957.46	injected	0	xPix	377	yPix	322	wheel	0	
mouseMove	window	FolderView	widget	2752896	date	2009 10 20 - 08:25:57	timeStampS	1256019957.47	injected	0	xPix	379	yPix	321	wheel	0	
mouseMove	window	FolderView	widget	2752896	date	2009 10 20 - 08:25:57	timeStampS	1256019957.48	injected	0	xPix	380	yPix	320	wheel	0	
mouseMove	window	FolderView	widget	2752896	date	2009 10 20 - 08:25:57	timeStampS	1256019957.49	injected	0	xPix	383	yPix	316	wheel	0	
mouseMove	window	FolderView	widget	2752896	date	2009 10 20 - 08:25:57	timeStampS	1256019957.5	injected	0	xPix	385	yPix	314	wheel	0	
mouseMove	window	FolderView	widget	2752896	date	2009 10 20 - 08:25:57	timeStampS	1256019957.51	injected	0	xPix	387	yPix	312	wheel	0	
mouseMove	window	FolderView	widget	2752896	date	2009 10 20 - 08:25:57	timeStampS	1256019957.52	injected	0	xPix	389	yPix	310	wheel	0	
mouseMove	window	FolderView	widget	2752896	date	2009 10 20 - 08:25:57	timeStampS	1256019957.53	injected	0	xPix	391	yPix	306	wheel	0	
mouseMove	window	FolderView	widget	2752896	date	2009 10 20 - 08:25:57	timeStampS	1256019957.54	injected	0	xPix	393	yPix	304	wheel	0	
mouseMove	window	FolderView	widget	2752896	date	2009 10 20 - 08:25:57	timeStampS	1256019957.55	injected	0	xPix	394	yPix	302	wheel	0	
mouseMove	window	FolderView	widget	2752896	date	2009 10 20 - 08:25:57	timeStampS	1256019957.56	injected	0	xPix	394	yPix	300	wheel	0	
mouseMove	window	FolderView	widget	2752896	date	2009 10 20 - 08:25:57	timeStampS	1256019957.57	injected	0	xPix	396	yPix	296	wheel	0	
mouseMove	window	FolderView	widget	2752896	date	2009 10 20 - 08:25:57	timeStampS	1256019957.58	injected	0	xPix	396	yPix	293	wheel	0	
mouseMove	window	FolderView	widget	2752896	date	2009 10 20 - 08:25:57	timeStampS	1256019957.59	injected	0	xPix	396	yPix	291	wheel	0	
mouseMove	window	FolderView	widget	2752896	date	2009 10 20 - 08:25:57	timeStampS	1256019957.6	injected	0	xPix	396	yPix	289	wheel	0	
mouseMove	window	FolderView	widget	2752896	date	2009 10 20 - 08:25:57	timeStampS	1256019957.61	injected	0	xPix	397	yPix	283	wheel	0	
mouseMove	window	FolderView	widget	2752896	date	2009 10 20 - 08:25:57	timeStampS	1256019957.62	injected	0	xPix	397	yPix	281	wheel	0	
mouseMove	window	FolderView	widget	2752896	date	2009 10 20 - 08:25:57	timeStampS	1256019957.63	injected	0	xPix	397	yPix	278	wheel	0	
mouseMove	window	FolderView	widget	2752896	date	2009 10 20 - 08:25:57	timeStampS	1256019957.64	injected	0	xPix	397	yPix	276	wheel	0	
mouseMove	window	FolderView	widget	2752896	date	2009 10 20 - 08:25:57	timeStampS	1256019957.65	injected	0	xPix	397	yPix	270	wheel	0	
mouseMove	window	FolderView	widget	2752896	date	2009 10 20 - 08:25:57	timeStampS	1256019957.66	injected	0	xPix	397	yPix	268	wheel	0	
mouseMove	window	FolderView	widget	2752896	date	2009 10 20 - 08:25:57	timeStampS	1256019957.67	injected	0	xPix	396	yPix	265	wheel	0	
mouseMove	window	FolderView	widget	2752896	date	2009 10 20 - 08:25:57	timeStampS	1256019957.68	injected	0	xPix	396	yPix	262	wheel	0	
mouseMove	window	FolderView	widget	2752896	date	2009 10 20 - 08:25:57	timeStampS	1256019957.69	injected	0	xPix	396	yPix	260	wheel	0	
mouseMove	window	FolderView	widget	2752896	date	2009 10 20 - 08:25:57	timeStampS	1256019957.7	injected	0	xPix	395	yPix	258	wheel	0	
mouseMove	window	FolderView	widget	2752896	date	2009 10 20 - 08:25:57	timeStampS	1256019957.71	injected	0	xPix	394	yPix	256	wheel	0	
mouseMove	window	FolderView	widget	2752896	date	2009 10 20 - 08:25:57	timeStampS	1256019957.72	injected	0	xPix	392	yPix	254	wheel	0	
mouseMove	window	FolderView	widget	2752896	date	2009 10 20 - 08:25:57	timeStampS	1256019957.73	injected	0	xPix	391	yPix	252	wheel	0	
mouseMove	window	FolderView	widget	2752896	date	2009 10 20 - 08:25:57	timeStampS	1256019957.74	injected	0	xPix	389	yPix	251	wheel	0	
mouseMove	window	FolderView	widget	2752896	date	2009 10 20 - 08:25:57	timeStampS	1256019957.75	injected	0	xPix	387	yPix	249	wheel	0	
mouseMove	window	FolderView	widget	2752896	date	2009 10 20 - 08:25:57	timeStampS	1256019957.76	injected	0	xPix	384	yPix	247	wheel	0	
mouseMove	window	FolderView	widget	2752896	date	2009 10 20 - 08:25:57	timeStampS	1256019957.77	injected	0	xPix	382	yPix	246	wheel	0	
mouseMove	window	FolderView	widget	2752896	date	2009 10 20 - 08:25:57	timeStampS	1256019957.78	injected	0	xPix	380	yPix	245	wheel	0	
mouseMove	window	FolderView	widget	2752896	date	2009 10 20 - 08:25:57	timeStampS	1256019957.79	injected	0	xPix	379	yPix	245	wheel	0	
mouseMove	window	FolderView	widget	2752896	date	2009 10 20 - 08:25:57	timeStampS	1256019957.8	injected	0	xPix	376	yPix	244	wheel	0	
mouseMove	window	FolderView	widget	2752896	date	2009 10 20 - 08:25:57	timeStampS	1256019957.81	injected	0	xPix	374	yPix	244	wheel	0	
mouseMove	window	FolderView	widget	2752896	date	2009 10 20 - 08:25:57	timeStampS	1256019957.82	injected	0	xPix	372	yPix	243	wheel	0	
mouseMove	window	FolderView	widget	2752896	date	2009 10 20 - 08:25:57	timeStampS	1256019957.83	injected	0	xPix	370	yPix	243	wheel	0	
mouseMove	window	FolderView	widget	2752896	date	2009 10 20 - 08:25:57	timeStampS	1256019957.84	injected	0	xPix	365	yPix	243	wheel	0	
mouseMove	window	FolderView	widget	2752896	date	2009 10 20 - 08:25:57	timeStampS	1256019957.85	injected	0	xPix	362	yPix	244	wheel	0	
mouseMove	window	FolderView	widget	2752896	date	2009 10 20 - 08:25:57	timeStampS	1256019957.86	injected	0	xPix	359	yPix	245	wheel	0	
mouseMove	window	FolderView	widget	2752896	date	2009 10 20 - 08:25:57	timeStampS	1256019957.87	injected	0	xPix	356	yPix	246	wheel	0	
mouseMove	window	FolderView	widget	2752896	date	2009 10 20 - 08:25:57	timeStampS	1256019957.88	injected	0	xPix	348	yPix	247	wheel	0	
mouseMove	window	FolderView	widget	2752896	date	2009 10 20 - 08:25:57	timeStampS	1256019957.89	injected	0	xPix	346	yPix	249	wheel	0	
mouseMove	window	FolderView	widget	2752896	date	2009 10 20 - 08:25:57	timeStampS	1256019957.9	injected	0	xPix	344	yPix	249	wheel	0	
mouseMove	window	FolderView	widget	2752896	date	2009 10 20 - 08:25:57	timeStampS	1256019957.91	injected	0	xPix	342	yPix	251	wheel	0	
mouseMove	window	FolderView	widget	2752896	date	2009 10 20 - 08:25:57	timeStampS	1256019957.92	injected	0	xPix	341	yPix	253	wheel	0	
mouseMove	window	FolderView	widget	2752896	date	2009 10 20 - 08:25:57	timeStampS	1256019957.93	injected	0	xPix	338	yPix	258	wheel	0	
mouseMove	window	FolderView	widget	2752896	date	2009 10 20 - 08:25:57	timeStampS	1256019957.94	injected	0	xPix	336	yPix	261	wheel	0	
mouseMove	window	FolderView	widget	2752896	date	2009 10 20 - 08:25:57	timeStampS	1256019957.95	injected	0	xPix	335	yPix	264	wheel	0	
mouseMove	window	FolderView	widget	2752896	date	2009 10 20 - 08:25:57	timeStampS	1256019957.96	injected	0	xPix	333	yPix	266	wheel	0	
mouseMove	window	FolderView	widget	2752896	date	2009 10 20 - 08:25:57	timeStampS	1256019957.97	injected	0	xPix	330	yPix	272	wheel	0	
mouseMove	window	FolderView	widget	2752896	date	2009 10 20 - 08:25:57	timeStampS	1256019957.98	injected	0	xPix	329	yPix	274	wheel	0	
mouseMove	window	FolderView	widget	2752896	date	2009 10 20 - 08:25:57	timeStampS	1256019957.99	injected	0	xPix	328	yPix	276	wheel	0	
mouseMove	window	FolderView	widget	2752896	date	2009 10 20 - 08:25:57	timeStampS	1256019958.0	injected	0	xPix	326	yPix	280	wheel	0	
mouseMove	window	FolderView	widget	2752896	date	2009 10 20 - 08:25:58	timeStampS	1256019958.01	injected	0	xPix	325	yPix	283	wheel	0	
mouseMove	window	FolderView	widget	2752896	date	2009 10 20 - 08:25:58	timeStampS	1256019958.02	injected	0	xPix	325	yPix	285	wheel	0	
mouseMove	window	FolderView	widget	2752896	date	2009 10 20 - 08:25:58	timeStampS	1256019958.03	injected	0	xPix	325	yPix	287	wheel	0	
mouseMove	window	FolderView	widget	2752896	date	2009 10 20 - 08:25:58	timeStampS	1256019958.04	injected	0	xPix	325	yPix	291	wheel	0	
mouseMove	window	FolderView	widget	2752896	date	2009 10 20 - 08:25:58	timeStampS	1256019958.05	injected	0	xPix	325	yPix	293	wheel	0	
mouseMove	window	FolderView	widget	2752896	date	2009 10 20 - 08:25:58	timeStampS	1256019958.06	injected	0	xPix	325	yPix	295	wheel	0	
mouseMove	window	FolderView	widget	2752896	date	2009 10 20 - 08:25:58	timeStampS	1256019958.07	injected	0	xPix	325	yPix	297	wheel	0	
mouseMove	window	FolderView	widget	2752896	date	2009 10 20 - 08:25:58	timeStampS	1256019958.08	injected	0	xPix	326	yPix	301	wheel	0	
mouseMove	window	FolderView	widget	2752896	date	2009 10 20 - 08:25:58	timeStampS	1256019958.09	injected	0	xPix	327	yPix	303	wheel	0	
mouseMove	window	FolderView	widget	2752896	date	2009 10 20 - 08:25:58	timeStampS	1256019958.1	injected	0	xPix	328	yPix	305	wheel	0	
mouseMove	window	FolderView	widget	2752896	date	2009 10 20 - 08:25:58	timeStampS	1256019958.11	injected	0	xPix	329	yPix	307	wheel	0	
mouseMove	window	FolderView	widget	2752896	date	2009 10 20 - 08:25:58	timeStampS	1256019958.12	injected	0	xPix	330	yPix	310	wheel	0	
mouseMove	window	FolderView	widget	2752896	date	2009 10 20 - 08:25:58	timeStampS	1256019958.13	injected	0	xPix	331	yPix	311	wheel	0	
mouseMove	window	FolderView	widget	2752896	date	2009 10 20 - 08:25:58	timeStampS	1256019958.14	injected	0	xPix	332	yPix	312	wheel	0	
mouseMove	window	FolderView	widget	2752896	date	2009 10 20 - 08:25:58	timeStampS	1256019958.15	injected	0	xPix	332	yPix	314	wheel	0	
mouseMove	window	FolderView	widget	2752896	date	2009 10 20 - 08:25:58	timeStampS	1256019958.16	injected	0	xPix	334	yPix	316	wheel	0	
mouseMove	window	FolderView	widget	2752896	date	2009 10 20 - 08:25:58	timeStampS	1256019958.17	injected	0	xPix	334	yPix	318	wheel	0	
mouseMove	window	FolderView	widget	2752896	date	2009 10 20 - 08:25:58	timeStampS	1256019958.18	injected	0	xPix	335	yPix	319	wheel	0	
mouseMove	window	FolderView	widget	2752896	date	2009 10 20 - 08:25:58	timeStampS	1256019958.19	injected	0	xPix	335	yPix	321	wheel	0	
mouseMove	window	FolderView	widget	2752896	date	2009 10 20 - 08:25:58	timeStampS	1256019958.2	injected	0	xPix	337	yPix	324	wheel	0	
mouseMove	window	FolderView	widget	2752896	date	2009 10 20 - 08:25:58	timeStampS	1256019958.21	injected	0	xPix	337	yPix	325	wheel	0	
mouseMove	window	FolderView	widget	2752896	date	2009 10 20 - 08:25:58	timeStampS	1256019958.22	injected	0	xPix	338	yPix	326	wheel	0	
mouseMove	window	FolderView	widget	2752896	date	2009 10 20 - 08:25:58	timeStampS	1256019958.23	injected	0	xPix	339	yPix	327	wheel	0	
mouseMove	window	FolderView	widget	2752896	date	2009 10 20 - 08:25:58	timeStampS	1256019958.24	injected	0	xPix	341	yPix	327	wheel	0	
mouseMove	window	FolderView	widget	2752896	date	2009 10 20 - 08:25:58	timeStampS	1256019958.25	injected	0	xPix	341	yPix	328	wheel	0	
mouseMove	window	FolderView	widget	2752896	date	2009 10 20 - 08:25:58	timeStampS	1256019958.26	injected	0	xPix	342	yPix	328	wheel	0	
mouseMove	window	FolderView	widget	2752896	date	2009 10 20 - 08:25:58	timeStampS	1256019958.27	injected	0	xPix	342	yPix	328	wheel	0	
mouseMove	window	FolderView	widget	2752896	date	2009 10 20 - 08:25:58	timeStampS	1256019958.29	injected	0	xPix	343	yPix	328	wheel	0	
mouseMove	window	FolderView	widget	2752896	date	2009 10 20 - 08:25:58	timeStampS	1256019958.3	injected	0	xPix	343	yPix	328	wheel	0	
mouseMove	window	FolderView	widget	2752896	date	2009 10 20 - 08:25:58	timeStampS	1256019958.31	injected	0	xPix	344	yPix	328	wheel	0	
mouseMove	window	FolderView	widget	2752896	date	2009 10 20 - 08:25:58	timeStampS	1256019958.32	injected	0	xPix	345	yPix	328	wheel	0	
mouseMove	window	FolderView	widget	2752896	date	2009 10 20 - 08:25:58	timeStampS	1256019958.33	injected	0	xPix	345	yPix	329	wheel	0	
mouseMove	window	FolderView	widget	2752896	date	2009 10 20 - 08:25:58	timeStampS	1256019958.34	injected	0	xPix	345	yPix	329	wheel	0	
mouseMove	window	FolderView	widget	2752896	date	2009 10 20 - 08:25:58	timeStampS	1256019958.35	injected	0	xPix	346	yPix	329	wheel	0	
mouseMove	window	FolderView	widget	2752896	date	2009 10 20 - 08:25:58	timeStampS	1256019958.38	injected	0	xPix	346	yPix	329	wheel	0	
mouseMove	window	FolderView	widget	2752896	date	2009 10 20 - 08:25:58	timeStampS	1256019958.39	injected	0	xPix	347	yPix	329	wheel	0	
mouseMove	window	FolderView	widget	2752896	date	2009 10 20 - 08:25:59	timeStampS	1256019959.26	injected	0	xPix	348	yPix	329	wheel	0	
mouseMove	window	FolderView	widget	2752896	date	2009 10 20 - 08:25:59	timeStampS	1256019959.27	injected	0	xPix	349	yPix	329	wheel	0	
mouseMove	window	FolderView	widget	2752896	date	2009 10 20 - 08:25:59	timeStampS	1256019959.28	injected	0	xPix	351	yPix	329	wheel	0	
mouseMove	window	FolderView	widget	2752896	date	2009 10 20 - 08:25:59	timeStampS	1256019959.29	injected	0	xPix	353	yPix	329	wheel	0	
mouseMove	window	FolderView	widget	2752896	date	2009 10 20 - 08:25:59	timeStampS	1256019959.3	injected	0	xPix	355	yPix	329	wheel	0	
mouseMove	window	FolderView	widget	2752896	date	2009 10 20 - 08:25:59	timeStampS	1256019959.31	injected	0	xPix	359	yPix	329	wheel	0	
mouseMove	window	FolderView	widget	2752896	date	2009 10 20 - 08:25:59	timeStampS	1256019959.32	injected	0	xPix	361	yPix	329	wheel	0	
mouseMove	window	FolderView	widget	2752896	date	2009 10 20 - 08:25:59	timeStampS	1256019959.33	injected	0	xPix	364	yPix	329	wheel	0	
mouseMove	window	FolderView	widget	2752896	date	2009 10 20 - 08:25:59	timeStampS	1256019959.34	injected	0	xPix	366	yPix	329	wheel	0	
mouseMove	window	FolderView	widget	2752896	date	2009 10 20 - 08:25:59	timeStampS	1256019959.35	injected	0	xPix	369	yPix	329	wheel	0	
mouseMove	window	FolderView	widget	2752896	date	2009 10 20 - 08:25:59	timeStampS	1256019959.36	injected	0	xPix	371	yPix	328	wheel	0	
mouseMove	window	FolderView	widget	2752896	date	2009 10 20 - 08:25:59	timeStampS	1256019959.37	injected	0	xPix	373	yPix	328	wheel	0	
mouseMove	window	FolderView	widget	2752896	date	2009 10 20 - 08:25:59	timeStampS	1256019959.38	injected	0	xPix	375	yPix	328	wheel	0	
mouseMove	window	FolderView	widget	2752896	date	2009 10 20 - 08:25:59	timeStampS	1256019959.39	injected	0	xPix	380	yPix	327	wheel	0	
mouseMove	window	FolderView	widget	2752896	date	2009 10 20 - 08:25:59	timeStampS	1256019959.4	injected	0	xPix	383	yPix	326	wheel	0	
mouseMove	window	FolderView	widget	2752896	date	2009 10 20 - 08:25:59	timeStampS	1256019959.41	injected	0	xPix	385	yPix	325	wheel	0	
mouseMove	window	FolderView	widget	2752896	date	2009 10 20 - 08:25:59	timeStampS	1256019959.42	injected	0	xPix	387	yPix	325	wheel	0	
mouseMove	window	FolderView	widget	2752896	date	2009 10 20 - 08:25:59	timeStampS	1256019959.43	injected	0	xPix	392	yPix	323	wheel	0	
mouseMove	window	FolderView	widget	2752896	date	2009 10 20 - 08:25:59	timeStampS	1256019959.44	injected	0	xPix	394	yPix	321	wheel	0	
mouseMove	window	FolderView	widget	2752896	date	2009 10 20 - 08:25:59	timeStampS	1256019959.45	injected	0	xPix	396	yPix	320	wheel	0	
mouseMove	window	FolderView	widget	2752896	date	2009 10 20 - 08:25:59	timeStampS	1256019959.46	injected	0	xPix	398	yPix	319	wheel	0	
mouseMove	window	FolderView	widget	2752896	date	2009 10 20 - 08:25:59	timeStampS	1256019959.47	injected	0	xPix	402	yPix	317	wheel	0	
mouseMove	window	FolderView	widget	2752896	date	2009 10 20 - 08:25:59	timeStampS	1256019959.48	injected	0	xPix	404	yPix	316	wheel	0	
mouseMove	window	FolderView	widget	2752896	date	2009 10 20 - 08:25:59	timeStampS	1256019959.49	injected	0	xPix	406	yPix	315	wheel	0	
mouseMove	window	FolderView	widget	2752896	date	2009 10 20 - 08:25:59	timeStampS	1256019959.5	injected	0	xPix	408	yPix	314	wheel	0	
mouseMove	window	FolderView	widget	2752896	date	2009 10 20 - 08:25:59	timeStampS	1256019959.51	injected	0	xPix	414	yPix	314	wheel	0	
mouseMove	window	FolderView	widget	2752896	date	2009 10 20 - 08:25:59	timeStampS	1256019959.52	injected	0	xPix	418	yPix	314	wheel	0	
mouseMove	window	FolderView	widget	2752896	date	2009 10 20 - 08:25:59	timeStampS	1256019959.53	injected	0	xPix	421	yPix	313	wheel	0	
mouseMove	window	FolderView	widget	2752896	date	2009 10 20 - 08:25:59	timeStampS	1256019959.54	injected	0	xPix	425	yPix	313	wheel	0	
mouseMove	window	FolderView	widget	2752896	date	2009 10 20 - 08:25:59	timeStampS	1256019959.55	injected	0	xPix	431	yPix	313	wheel	0	
mouseMove	window	FolderView	widget	2752896	date	2009 10 20 - 08:25:59	timeStampS	1256019959.56	injected	0	xPix	434	yPix	313	wheel	0	
mouseMove	window	FolderView	widget	2752896	date	2009 10 20 - 08:25:59	timeStampS	1256019959.57	injected	0	xPix	436	yPix	313	wheel	0	
mouseMove	window	FolderView	widget	2752896	date	2009 10 20 - 08:25:59	timeStampS	1256019959.59	injected	0	xPix	438	yPix	313	wheel	0	
mouseMove	window	FolderView	widget	2752896	date	2009 10 20 - 08:25:59	timeStampS	1256019959.6	injected	0	xPix	442	yPix	313	wheel	0	
mouseMove	window	FolderView	widget	2752896	date	2009 10 20 - 08:25:59	timeStampS	1256019959.61	injected	0	xPix	444	yPix	313	wheel	0	
mouseMove	window	FolderView	widget	2752896	date	2009 10 20 - 08:25:59	timeStampS	1256019959.62	injected	0	xPix	445	yPix	313	wheel	0	
mouseMove	window	FolderView	widget	2752896	date	2009 10 20 - 08:25:59	timeStampS	1256019959.63	injected	0	xPix	446	yPix	313	wheel	0	
mouseMove	window	FolderView	widget	2752896	date	2009 10 20 - 08:25:59	timeStampS	1256019959.64	injected	0	xPix	448	yPix	313	wheel	0	
mouseMove	window	FolderView	widget	2752896	date	2009 10 20 - 08:25:59	timeStampS	1256019959.65	injected	0	xPix	449	yPix	313	wheel	0	
mouseMove	window	FolderView	widget	2752896	date	2009 10 20 - 08:25:59	timeStampS	1256019959.66	injected	0	xPix	451	yPix	314	wheel	0	
mouseMove	window	FolderView	widget	2752896	date	2009 10 20 - 08:25:59	timeStampS	1256019959.67	injected	0	xPix	452	yPix	315	wheel	0	
mouseMove	window	FolderView	widget	2752896	date	2009 10 20 - 08:25:59	timeStampS	1256019959.68	injected	0	xPix	454	yPix	317	wheel	0	
mouseMove	window	FolderView	widget	2752896	date	2009 10 20 - 08:25:59	timeStampS	1256019959.69	injected	0	xPix	456	yPix	319	wheel	0	
mouseMove	window	FolderView	widget	2752896	date	2009 10 20 - 08:25:59	timeStampS	1256019959.7	injected	0	xPix	458	yPix	320	wheel	0	
mouseMove	window	FolderView	widget	2752896	date	2009 10 20 - 08:25:59	timeStampS	1256019959.71	injected	0	xPix	460	yPix	322	wheel	0	
mouseMove	window	FolderView	widget	2752896	date	2009 10 20 - 08:25:59	timeStampS	1256019959.72	injected	0	xPix	463	yPix	326	wheel	0	
mouseMove	window	FolderView	widget	2752896	date	2009 10 20 - 08:25:59	timeStampS	1256019959.73	injected	0	xPix	464	yPix	328	wheel	0	
mouseMove	window	FolderView	widget	2752896	date	2009 10 20 - 08:25:59	timeStampS	1256019959.74	injected	0	xPix	465	yPix	330	wheel	0	
mouseMove	window	FolderView	widget	2752896	date	2009 10 20 - 08:25:59	timeStampS	1256019959.75	injected	0	xPix	466	yPix	332	wheel	0	
mouseMove	window	FolderView	widget	2752896	date	2009 10 20 - 08:25:59	timeStampS	1256019959.76	injected	0	xPix	468	yPix	337	wheel	0	
mouseMove	window	FolderView	widget	2752896	date	2009 10 20 - 08:25:59	timeStampS	1256019959.77	injected	0	xPix	469	yPix	339	wheel	0	
mouseMove	window	FolderView	widget	2752896	date	2009 10 20 - 08:25:59	timeStampS	1256019959.78	injected	0	xPix	470	yPix	341	wheel	0	
mouseMove	window	FolderView	widget	2752896	date	2009 10 20 - 08:25:59	timeStampS	1256019959.79	injected	0	xPix	471	yPix	342	wheel	0	
mouseMove	window	FolderView	widget	2752896	date	2009 10 20 - 08:25:59	timeStampS	1256019959.8	injected	0	xPix	473	yPix	347	wheel	0	
mouseMove	window	FolderView	widget	2752896	date	2009 10 20 - 08:25:59	timeStampS	1256019959.81	injected	0	xPix	473	yPix	349	wheel	0	
mouseMove	window	FolderView	widget	2752896	date	2009 10 20 - 08:25:59	timeStampS	1256019959.82	injected	0	xPix	473	yPix	352	wheel	0	
mouseMove	window	FolderView	widget	2752896	date	2009 10 20 - 08:25:59	timeStampS	1256019959.83	injected	0	xPix	473	yPix	354	wheel	0	
mouseMove	window	FolderView	widget	2752896	date	2009 10 20 - 08:25:59	timeStampS	1256019959.84	injected	0	xPix	473	yPix	360	wheel	0	
mouseMove	window	FolderView	widget	2752896	date	2009 10 20 - 08:25:59	timeStampS	1256019959.85	injected	0	xPix	473	yPix	363	wheel	0	
mouseMove	window	FolderView	widget	2752896	date	2009 10 20 - 08:25:59	timeStampS	1256019959.86	injected	0	xPix	473	yPix	365	wheel	0	
mouseMove	window	FolderView	widget	2752896	date	2009 10 20 - 08:25:59	timeStampS	1256019959.87	injected	0	xPix	473	yPix	368	wheel	0	
mouseMove	window	FolderView	widget	2752896	date	2009 10 20 - 08:25:59	timeStampS	1256019959.88	injected	0	xPix	473	yPix	373	wheel	0	
mouseMove	window	FolderView	widget	2752896	date	2009 10 20 - 08:25:59	timeStampS	1256019959.89	injected	0	xPix	472	yPix	374	wheel	0	
mouseMove	window	FolderView	widget	2752896	date	2009 10 20 - 08:25:59	timeStampS	1256019959.9	injected	0	xPix	472	yPix	377	wheel	0	
mouseMove	window	FolderView	widget	2752896	date	2009 10 20 - 08:25:59	timeStampS	1256019959.91	injected	0	xPix	471	yPix	379	wheel	0	
mouseMove	window	FolderView	widget	2752896	date	2009 10 20 - 08:25:59	timeStampS	1256019959.92	injected	0	xPix	468	yPix	381	wheel	0	
mouseMove	window	FolderView	widget	2752896	date	2009 10 20 - 08:25:59	timeStampS	1256019959.93	injected	0	xPix	467	yPix	382	wheel	0	
mouseMove	window	FolderView	widget	2752896	date	2009 10 20 - 08:25:59	timeStampS	1256019959.94	injected	0	xPix	465	yPix	383	wheel	0	
mouseMove	window	FolderView	widget	2752896	date	2009 10 20 - 08:25:59	timeStampS	1256019959.95	injected	0	xPix	464	yPix	384	wheel	0	
mouseMove	window	FolderView	widget	2752896	date	2009 10 20 - 08:25:59	timeStampS	1256019959.96	injected	0	xPix	460	yPix	385	wheel	0	
mouseMove	window	FolderView	widget	2752896	date	2009 10 20 - 08:25:59	timeStampS	1256019959.97	injected	0	xPix	458	yPix	385	wheel	0	
mouseMove	window	FolderView	widget	2752896	date	2009 10 20 - 08:25:59	timeStampS	1256019959.98	injected	0	xPix	456	yPix	385	wheel	0	
mouseMove	window	FolderView	widget	2752896	date	2009 10 20 - 08:25:59	timeStampS	1256019959.99	injected	0	xPix	454	yPix	385	wheel	0	
mouseMove	window	FolderView	widget	2752896	date	2009 10 20 - 08:25:59	timeStampS	1256019960.0	injected	0	xPix	451	yPix	385	wheel	0	
mouseMove	window	FolderView	widget	2752896	date	2009 10 20 - 08:25:59	timeStampS	1256019960.01	injected	0	xPix	449	yPix	385	wheel	0	
mouseMove	window	FolderView	widget	2752896	date	2009 10 20 - 08:26:00	timeStampS	1256019960.02	injected	0	xPix	446	yPix	385	wheel	0	
mouseMove	window	FolderView	widget	2752896	date	2009 10 20 - 08:26:00	timeStampS	1256019960.03	injected	0	xPix	444	yPix	385	wheel	0	
mouseMove	window	FolderView	widget	2752896	date	2009 10 20 - 08:26:00	timeStampS	1256019960.04	injected	0	xPix	438	yPix	385	wheel	0	
mouseMove	window	FolderView	widget	2752896	date	2009 10 20 - 08:26:00	timeStampS	1256019960.05	injected	0	xPix	435	yPix	385	wheel	0	
mouseMove	window	FolderView	widget	2752896	date	2009 10 20 - 08:26:00	timeStampS	1256019960.06	injected	0	xPix	431	yPix	384	wheel	0	
mouseMove	window	FolderView	widget	2752896	date	2009 10 20 - 08:26:00	timeStampS	1256019960.07	injected	0	xPix	425	yPix	382	wheel	0	
mouseMove	window	FolderView	widget	2752896	date	2009 10 20 - 08:26:00	timeStampS	1256019960.08	injected	0	xPix	422	yPix	381	wheel	0	
mouseMove	window	FolderView	widget	2752896	date	2009 10 20 - 08:26:00	timeStampS	1256019960.09	injected	0	xPix	418	yPix	379	wheel	0	
mouseMove	window	FolderView	widget	2752896	date	2009 10 20 - 08:26:00	timeStampS	1256019960.1	injected	0	xPix	414	yPix	377	wheel	0	
mouseMove	window	FolderView	widget	2752896	date	2009 10 20 - 08:26:00	timeStampS	1256019960.11	injected	0	xPix	408	yPix	373	wheel	0	
mouseMove	window	FolderView	widget	2752896	date	2009 10 20 - 08:26:00	timeStampS	1256019960.12	injected	0	xPix	404	yPix	371	wheel	0	
mouseMove	window	FolderView	widget	2752896	date	2009 10 20 - 08:26:00	timeStampS	1256019960.13	injected	0	xPix	401	yPix	369	wheel	0	
mouseMove	window	FolderView	widget	2752896	date	2009 10 20 - 08:26:00	timeStampS	1256019960.14	injected	0	xPix	399	yPix	366	wheel	0	
mouseMove	window	FolderView	widget	2752896	date	2009 10 20 - 08:26:00	timeStampS	1256019960.15	injected	0	xPix	394	yPix	361	wheel	0	
mouseMove	window	FolderView	widget	2752896	date	2009 10 20 - 08:26:00	timeStampS	1256019960.16	injected	0	xPix	392	yPix	359	wheel	0	
mouseMove	window	FolderView	widget	2752896	date	2009 10 20 - 08:26:00	timeStampS	1256019960.17	injected	0	xPix	391	yPix	357	wheel	0	
mouseMove	window	FolderView	widget	2752896	date	2009 10 20 - 08:26:00	timeStampS	1256019960.18	injected	0	xPix	390	yPix	356	wheel	0	
mouseMove	window	FolderView	widget	2752896	date	2009 10 20 - 08:26:00	timeStampS	1256019960.19	injected	0	xPix	389	yPix	355	wheel	0	
mouseMove	window	FolderView	widget	2752896	date	2009 10 20 - 08:26:00	timeStampS	1256019960.2	injected	0	xPix	386	yPix	353	wheel	0	
mouseMove	window	FolderView	widget	2752896	date	2009 10 20 - 08:26:00	timeStampS	1256019960.21	injected	0	xPix	384	yPix	351	wheel	0	
mouseMove	window	FolderView	widget	2752896	date	2009 10 20 - 08:26:00	timeStampS	1256019960.22	injected	0	xPix	383	yPix	350	wheel	0	
mouseMove	window	FolderView	widget	2752896	date	2009 10 20 - 08:26:00	timeStampS	1256019960.23	injected	0	xPix	381	yPix	348	wheel	0	
mouseMove	window	FolderView	widget	2752896	date	2009 10 20 - 08:26:00	timeStampS	1256019960.24	injected	0	xPix	378	yPix	345	wheel	0	
mouseMove	window	FolderView	widget	2752896	date	2009 10 20 - 08:26:00	timeStampS	1256019960.25	injected	0	xPix	376	yPix	344	wheel	0	
mouseMove	window	FolderView	widget	2752896	date	2009 10 20 - 08:26:00	timeStampS	1256019960.26	injected	0	xPix	375	yPix	343	wheel	0	
mouseMove	window	FolderView	widget	2752896	date	2009 10 20 - 08:26:00	timeStampS	1256019960.27	injected	0	xPix	374	yPix	342	wheel	0	
mouseMove	window	FolderView	widget	2752896	date	2009 10 20 - 08:26:00	timeStampS	1256019960.28	injected	0	xPix	373	yPix	341	wheel	0	
mouseMove	window	FolderView	widget	2752896	date	2009 10 20 - 08:26:00	timeStampS	1256019960.29	injected	0	xPix	372	yPix	341	wheel	0	
mouseMove	window	FolderView	widget	2752896	date	2009 10 20 - 08:26:00	timeStampS	1256019960.3	injected	0	xPix	372	yPix	341	wheel	0	
mouseMove	window	FolderView	widget	2752896	date	2009 10 20 - 08:26:00	timeStampS	1256019960.31	injected	0	xPix	372	yPix	340	wheel	0	
mouseMove	window	FolderView	widget	2752896	date	2009 10 20 - 08:26:00	timeStampS	1256019960.32	injected	0	xPix	370	yPix	339	wheel	0	
mouseMove	window	FolderView	widget	2752896	date	2009 10 20 - 08:26:00	timeStampS	1256019960.33	injected	0	xPix	369	yPix	339	wheel	0	
mouseMove	window	FolderView	widget	2752896	date	2009 10 20 - 08:26:00	timeStampS	1256019960.34	injected	0	xPix	368	yPix	339	wheel	0	
mouseMove	window	FolderView	widget	2752896	date	2009 10 20 - 08:26:00	timeStampS	1256019960.35	injected	0	xPix	366	yPix	338	wheel	0	
mouseMove	window	FolderView	widget	2752896	date	2009 10 20 - 08:26:00	timeStampS	1256019960.36	injected	0	xPix	365	yPix	338	wheel	0	
mouseMove	window	FolderView	widget	2752896	date	2009 10 20 - 08:26:00	timeStampS	1256019960.37	injected	0	xPix	365	yPix	337	wheel	0	
mouseMove	window	FolderView	widget	2752896	date	2009 10 20 - 08:26:00	timeStampS	1256019960.38	injected	0	xPix	364	yPix	337	wheel	0	
mouseMove	window	FolderView	widget	2752896	date	2009 10 20 - 08:26:00	timeStampS	1256019960.4	injected	0	xPix	363	yPix	337	wheel	0	
mouseMove	window	FolderView	widget	2752896	date	2009 10 20 - 08:26:00	timeStampS	1256019960.41	injected	0	xPix	363	yPix	337	wheel	0	
mouseMove	window	FolderView	widget	2752896	date	2009 10 20 - 08:26:00	timeStampS	1256019960.42	injected	0	xPix	362	yPix	336	wheel	0	
mouseMove	window	FolderView	widget	2752896	date	2009 10 20 - 08:26:00	timeStampS	1256019960.43	injected	0	xPix	361	yPix	336	wheel	0	
mouseMove	window	FolderView	widget	2752896	date	2009 10 20 - 08:26:00	timeStampS	1256019960.44	injected	0	xPix	360	yPix	335	wheel	0	
mouseMove	window	FolderView	widget	2752896	date	2009 10 20 - 08:26:00	timeStampS	1256019960.45	injected	0	xPix	359	yPix	335	wheel	0	
mouseMove	window	FolderView	widget	2752896	date	2009 10 20 - 08:26:00	timeStampS	1256019960.46	injected	0	xPix	358	yPix	334	wheel	0	
mouseMove	window	FolderView	widget	2752896	date	2009 10 20 - 08:26:00	timeStampS	1256019960.47	injected	0	xPix	357	yPix	334	wheel	0	
mouseMove	window	FolderView	widget	2752896	date	2009 10 20 - 08:26:00	timeStampS	1256019960.48	injected	0	xPix	356	yPix	333	wheel	0	
mouseMove	window	FolderView	widget	2752896	date	2009 10 20 - 08:26:00	timeStampS	1256019960.49	injected	0	xPix	355	yPix	333	wheel	0	
mouseMove	window	FolderView	widget	2752896	date	2009 10 20 - 08:26:00	timeStampS	1256019960.5	injected	0	xPix	354	yPix	332	wheel	0	
mouseMove	window	FolderView	widget	2752896	date	2009 10 20 - 08:26:00	timeStampS	1256019960.51	injected	0	xPix	352	yPix	331	wheel	0	
mouseMove	window	FolderView	widget	2752896	date	2009 10 20 - 08:26:00	timeStampS	1256019960.52	injected	0	xPix	351	yPix	331	wheel	0	
mouseMove	window	FolderView	widget	2752896	date	2009 10 20 - 08:26:00	timeStampS	1256019960.53	injected	0	xPix	349	yPix	330	wheel	0	
mouseMove	window	FolderView	widget	2752896	date	2009 10 20 - 08:26:00	timeStampS	1256019960.54	injected	0	xPix	347	yPix	330	wheel	0	
mouseMove	window	FolderView	widget	2752896	date	2009 10 20 - 08:26:00	timeStampS	1256019960.55	injected	0	xPix	341	yPix	329	wheel	0	
mouseMove	window	FolderView	widget	2752896	date	2009 10 20 - 08:26:00	timeStampS	1256019960.56	injected	0	xPix	338	yPix	329	wheel	0	
mouseMove	window	FolderView	widget	2752896	date	2009 10 20 - 08:26:00	timeStampS	1256019960.57	injected	0	xPix	336	yPix	329	wheel	0	
mouseMove	window	FolderView	widget	2752896	date	2009 10 20 - 08:26:00	timeStampS	1256019960.58	injected	0	xPix	333	yPix	328	wheel	0	
mouseMove	window	FolderView	widget	2752896	date	2009 10 20 - 08:26:00	timeStampS	1256019960.59	injected	0	xPix	327	yPix	327	wheel	0	
mouseMove	window	FolderView	widget	2752896	date	2009 10 20 - 08:26:00	timeStampS	1256019960.6	injected	0	xPix	325	yPix	326	wheel	0	
mouseMove	window	FolderView	widget	2752896	date	2009 10 20 - 08:26:00	timeStampS	1256019960.61	injected	0	xPix	321	yPix	326	wheel	0	
mouseMove	window	FolderView	widget	2752896	date	2009 10 20 - 08:26:00	timeStampS	1256019960.62	injected	0	xPix	319	yPix	325	wheel	0	
mouseMove	window	FolderView	widget	2752896	date	2009 10 20 - 08:26:00	timeStampS	1256019960.63	injected	0	xPix	312	yPix	325	wheel	0	
mouseMove	window	FolderView	widget	2752896	date	2009 10 20 - 08:26:00	timeStampS	1256019960.64	injected	0	xPix	309	yPix	325	wheel	0	
mouseMove	window	FolderView	widget	2752896	date	2009 10 20 - 08:26:00	timeStampS	1256019960.65	injected	0	xPix	307	yPix	325	wheel	0	
mouseMove	window	FolderView	widget	2752896	date	2009 10 20 - 08:26:00	timeStampS	1256019960.66	injected	0	xPix	304	yPix	325	wheel	0	
mouseMove	window	FolderView	widget	2752896	date	2009 10 20 - 08:26:00	timeStampS	1256019960.67	injected	0	xPix	300	yPix	325	wheel	0	
mouseMove	window	FolderView	widget	2752896	date	2009 10 20 - 08:26:00	timeStampS	1256019960.68	injected	0	xPix	298	yPix	325	wheel	0	
mouseMove	window	FolderView	widget	2752896	date	2009 10 20 - 08:26:00	timeStampS	1256019960.69	injected	0	xPix	296	yPix	325	wheel	0	
mouseMove	window	FolderView	widget	2752896	date	2009 10 20 - 08:26:00	timeStampS	1256019960.7	injected	0	xPix	293	yPix	325	wheel	0	
mouseMove	window	FolderView	widget	2752896	date	2009 10 20 - 08:26:00	timeStampS	1256019960.71	injected	0	xPix	288	yPix	325	wheel	0	
mouseMove	window	FolderView	widget	2752896	date	2009 10 20 - 08:26:00	timeStampS	1256019960.72	injected	0	xPix	284	yPix	326	wheel	0	
mouseMove	window	FolderView	widget	2752896	date	2009 10 20 - 08:26:00	timeStampS	1256019960.73	injected	0	xPix	281	yPix	326	wheel	0	
mouseMove	window	FolderView	widget	2752896	date	2009 10 20 - 08:26:00	timeStampS	1256019960.74	injected	0	xPix	278	yPix	327	wheel	0	
mouseMove	window	FolderView	widget	2752896	date	2009 10 20 - 08:26:00	timeStampS	1256019960.75	injected	0	xPix	270	yPix	327	wheel	0	
mouseMove	window	FolderView	widget	2752896	date	2009 10 20 - 08:26:00	timeStampS	1256019960.76	injected	0	xPix	267	yPix	328	wheel	0	
mouseMove	window	FolderView	widget	2752896	date	2009 10 20 - 08:26:00	timeStampS	1256019960.77	injected	0	xPix	263	yPix	328	wheel	0	
mouseMove	window	FolderView	widget	2752896	date	2009 10 20 - 08:26:00	timeStampS	1256019960.78	injected	0	xPix	260	yPix	328	wheel	0	
mouseMove	window	FolderView	widget	2752896	date	2009 10 20 - 08:26:00	timeStampS	1256019960.79	injected	0	xPix	254	yPix	329	wheel	0	
mouseMove	window	FolderView	widget	2752896	date	2009 10 20 - 08:26:00	timeStampS	1256019960.8	injected	0	xPix	251	yPix	330	wheel	0	
mouseMove	window	FolderView	widget	2752896	date	2009 10 20 - 08:26:00	timeStampS	1256019960.81	injected	0	xPix	249	yPix	331	wheel	0	
mouseMove	window	FolderView	widget	2752896	date	2009 10 20 - 08:26:00	timeStampS	1256019960.82	injected	0	xPix	247	yPix	332	wheel	0	
mouseMove	window	FolderView	widget	2752896	date	2009 10 20 - 08:26:00	timeStampS	1256019960.83	injected	0	xPix	243	yPix	335	wheel	0	
mouseMove	window	FolderView	widget	2752896	date	2009 10 20 - 08:26:00	timeStampS	1256019960.84	injected	0	xPix	240	yPix	338	wheel	0	
mouseMove	window	FolderView	widget	2752896	date	2009 10 20 - 08:26:00	timeStampS	1256019960.85	injected	0	xPix	237	yPix	340	wheel	0	
mouseMove	window	FolderView	widget	2752896	date	2009 10 20 - 08:26:00	timeStampS	1256019960.86	injected	0	xPix	235	yPix	343	wheel	0	
mouseMove	window	FolderView	widget	2752896	date	2009 10 20 - 08:26:00	timeStampS	1256019960.87	injected	0	xPix	231	yPix	347	wheel	0	
mouseMove	window	FolderView	widget	2752896	date	2009 10 20 - 08:26:00	timeStampS	1256019960.88	injected	0	xPix	231	yPix	350	wheel	0	
mouseMove	window	FolderView	widget	2752896	date	2009 10 20 - 08:26:00	timeStampS	1256019960.89	injected	0	xPix	230	yPix	351	wheel	0	
mouseMove	window	FolderView	widget	2752896	date	2009 10 20 - 08:26:00	timeStampS	1256019960.9	injected	0	xPix	230	yPix	354	wheel	0	
mouseMove	window	FolderView	widget	2752896	date	2009 10 20 - 08:26:00	timeStampS	1256019960.91	injected	0	xPix	230	yPix	358	wheel	0	
mouseMove	window	FolderView	widget	2752896	date	2009 10 20 - 08:26:00	timeStampS	1256019960.92	injected	0	xPix	230	yPix	360	wheel	0	
mouseMove	window	FolderView	widget	2752896	date	2009 10 20 - 08:26:00	timeStampS	1256019960.93	injected	0	xPix	230	yPix	361	wheel	0	
mouseMove	window	FolderView	widget	2752896	date	2009 10 20 - 08:26:00	timeStampS	1256019960.94	injected	0	xPix	231	yPix	363	wheel	0	
mouseMove	window	FolderView	widget	2752896	date	2009 10 20 - 08:26:00	timeStampS	1256019960.95	injected	0	xPix	234	yPix	366	wheel	0	
mouseMove	window	FolderView	widget	2752896	date	2009 10 20 - 08:26:00	timeStampS	1256019960.96	injected	0	xPix	236	yPix	367	wheel	0	
mouseMove	window	FolderView	widget	2752896	date	2009 10 20 - 08:26:00	timeStampS	1256019960.97	injected	0	xPix	238	yPix	368	wheel	0	
mouseMove	window	FolderView	widget	2752896	date	2009 10 20 - 08:26:00	timeStampS	1256019960.98	injected	0	xPix	240	yPix	369	wheel	0	
mouseMove	window	FolderView	widget	2752896	date	2009 10 20 - 08:26:00	timeStampS	1256019960.99	injected	0	xPix	246	yPix	370	wheel	0	
mouseMove	window	FolderView	widget	2752896	date	2009 10 20 - 08:26:00	timeStampS	1256019961.0	injected	0	xPix	249	yPix	371	wheel	0	
mouseMove	window	FolderView	widget	2752896	date	2009 10 20 - 08:26:00	timeStampS	1256019961.01	injected	0	xPix	252	yPix	372	wheel	0	
mouseMove	window	FolderView	widget	2752896	date	2009 10 20 - 08:26:01	timeStampS	1256019961.02	injected	0	xPix	255	yPix	372	wheel	0	
mouseMove	window	FolderView	widget	2752896	date	2009 10 20 - 08:26:01	timeStampS	1256019961.03	injected	0	xPix	263	yPix	372	wheel	0	
mouseMove	window	FolderView	widget	2752896	date	2009 10 20 - 08:26:01	timeStampS	1256019961.04	injected	0	xPix	267	yPix	372	wheel	0	
mouseMove	window	FolderView	widget	2752896	date	2009 10 20 - 08:26:01	timeStampS	1256019961.05	injected	0	xPix	271	yPix	372	wheel	0	
mouseMove	window	FolderView	widget	2752896	date	2009 10 20 - 08:26:01	timeStampS	1256019961.06	injected	0	xPix	275	yPix	372	wheel	0	
mouseMove	window	FolderView	widget	2752896	date	2009 10 20 - 08:26:01	timeStampS	1256019961.08	injected	0	xPix	287	yPix	371	wheel	0	
mouseMove	window	FolderView	widget	2752896	date	2009 10 20 - 08:26:01	timeStampS	1256019961.09	injected	0	xPix	291	yPix	370	wheel	0	
mouseMove	window	FolderView	widget	2752896	date	2009 10 20 - 08:26:01	timeStampS	1256019961.1	injected	0	xPix	294	yPix	368	wheel	0	
mouseMove	window	FolderView	widget	2752896	date	2009 10 20 - 08:26:01	timeStampS	1256019961.11	injected	0	xPix	301	yPix	364	wheel	0	
mouseMove	window	FolderView	widget	2752896	date	2009 10 20 - 08:26:01	timeStampS	1256019961.12	injected	0	xPix	304	yPix	362	wheel	0	
mouseMove	window	FolderView	widget	2752896	date	2009 10 20 - 08:26:01	timeStampS	1256019961.13	injected	0	xPix	307	yPix	360	wheel	0	
mouseMove	window	FolderView	widget	2752896	date	2009 10 20 - 08:26:01	timeStampS	1256019961.14	injected	0	xPix	310	yPix	358	wheel	0	
mouseMove	window	FolderView	widget	2752896	date	2009 10 20 - 08:26:01	timeStampS	1256019961.15	injected	0	xPix	314	yPix	354	wheel	0	
mouseMove	window	FolderView	widget	2752896	date	2009 10 20 - 08:26:01	timeStampS	1256019961.16	injected	0	xPix	316	yPix	353	wheel	0	
mouseMove	window	FolderView	widget	2752896	date	2009 10 20 - 08:26:01	timeStampS	1256019961.17	injected	0	xPix	319	yPix	351	wheel	0	
mouseMove	window	FolderView	widget	2752896	date	2009 10 20 - 08:26:01	timeStampS	1256019961.18	injected	0	xPix	320	yPix	350	wheel	0	
mouseMove	window	FolderView	widget	2752896	date	2009 10 20 - 08:26:01	timeStampS	1256019961.19	injected	0	xPix	324	yPix	347	wheel	0	
mouseMove	window	FolderView	widget	2752896	date	2009 10 20 - 08:26:01	timeStampS	1256019961.2	injected	0	xPix	326	yPix	345	wheel	0	
mouseMove	window	FolderView	widget	2752896	date	2009 10 20 - 08:26:01	timeStampS	1256019961.21	injected	0	xPix	327	yPix	344	wheel	0	
mouseMove	window	FolderView	widget	2752896	date	2009 10 20 - 08:26:01	timeStampS	1256019961.22	injected	0	xPix	329	yPix	342	wheel	0	
mouseMove	window	FolderView	widget	2752896	date	2009 10 20 - 08:26:01	timeStampS	1256019961.23	injected	0	xPix	332	yPix	339	wheel	0	
mouseMove	window	FolderView	widget	2752896	date	2009 10 20 - 08:26:01	timeStampS	1256019961.24	injected	0	xPix	334	yPix	338	wheel	0	
mouseMove	window	FolderView	widget	2752896	date	2009 10 20 - 08:26:01	timeStampS	1256019961.25	injected	0	xPix	335	yPix	336	wheel	0	
mouseMove	window	FolderView	widget	2752896	date	2009 10 20 - 08:26:01	timeStampS	1256019961.26	injected	0	xPix	337	yPix	334	wheel	0	
mouseMove	window	FolderView	widget	2752896	date	2009 10 20 - 08:26:01	timeStampS	1256019961.27	injected	0	xPix	338	yPix	333	wheel	0	
mouseMove	window	FolderView	widget	2752896	date	2009 10 20 - 08:26:01	timeStampS	1256019961.28	injected	0	xPix	339	yPix	332	wheel	0	
mouseMove	window	FolderView	widget	2752896	date	2009 10 20 - 08:26:01	timeStampS	1256019961.29	injected	0	xPix	340	yPix	331	wheel	0	
mouseMove	window	FolderView	widget	2752896	date	2009 10 20 - 08:26:01	timeStampS	1256019961.3	injected	0	xPix	341	yPix	328	wheel	0	
mouseMove	window	FolderView	widget	2752896	date	2009 10 20 - 08:26:01	timeStampS	1256019961.31	injected	0	xPix	342	yPix	328	wheel	0	
mouseMove	window	FolderView	widget	2752896	date	2009 10 20 - 08:26:01	timeStampS	1256019961.32	injected	0	xPix	342	yPix	327	wheel	0	
mouseMove	window	FolderView	widget	2752896	date	2009 10 20 - 08:26:01	timeStampS	1256019961.33	injected	0	xPix	342	yPix	326	wheel	0	
mouseMove	window	FolderView	widget	2752896	date	2009 10 20 - 08:26:01	timeStampS	1256019961.34	injected	0	xPix	343	yPix	326	wheel	0	
mouseMove	window	FolderView	widget	2752896	date	2009 10 20 - 08:26:01	timeStampS	1256019961.45	injected	0	xPix	343	yPix	326	wheel	0	
mouseMove	window	FolderView	widget	2752896	date	2009 10 20 - 08:26:01	timeStampS	1256019961.46	injected	0	xPix	345	yPix	325	wheel	0	
mouseMove	window	FolderView	widget	2752896	date	2009 10 20 - 08:26:01	timeStampS	1256019961.47	injected	0	xPix	349	yPix	325	wheel	0	
mouseMove	window	FolderView	widget	2752896	date	2009 10 20 - 08:26:01	timeStampS	1256019961.48	injected	0	xPix	352	yPix	324	wheel	0	
mouseMove	window	FolderView	widget	2752896	date	2009 10 20 - 08:26:01	timeStampS	1256019961.49	injected	0	xPix	354	yPix	323	wheel	0	
mouseMove	window	FolderView	widget	2752896	date	2009 10 20 - 08:26:01	timeStampS	1256019961.5	injected	0	xPix	356	yPix	323	wheel	0	
mouseMove	window	FolderView	widget	2752896	date	2009 10 20 - 08:26:01	timeStampS	1256019961.51	injected	0	xPix	361	yPix	321	wheel	0	
mouseMove	window	FolderView	widget	2752896	date	2009 10 20 - 08:26:01	timeStampS	1256019961.52	injected	0	xPix	363	yPix	320	wheel	0	
mouseMove	window	FolderView	widget	2752896	date	2009 10 20 - 08:26:01	timeStampS	1256019961.53	injected	0	xPix	365	yPix	318	wheel	0	
mouseMove	window	FolderView	widget	2752896	date	2009 10 20 - 08:26:01	timeStampS	1256019961.54	injected	0	xPix	366	yPix	317	wheel	0	
mouseMove	window	FolderView	widget	2752896	date	2009 10 20 - 08:26:01	timeStampS	1256019961.55	injected	0	xPix	369	yPix	313	wheel	0	
mouseMove	window	FolderView	widget	2752896	date	2009 10 20 - 08:26:01	timeStampS	1256019961.56	injected	0	xPix	371	yPix	311	wheel	0	
mouseMove	window	FolderView	widget	2752896	date	2009 10 20 - 08:26:01	timeStampS	1256019961.57	injected	0	xPix	372	yPix	309	wheel	0	
mouseMove	window	FolderView	widget	2752896	date	2009 10 20 - 08:26:01	timeStampS	1256019961.58	injected	0	xPix	375	yPix	304	wheel	0	
mouseMove	window	FolderView	widget	2752896	date	2009 10 20 - 08:26:01	timeStampS	1256019961.59	injected	0	xPix	376	yPix	301	wheel	0	
mouseMove	window	FolderView	widget	2752896	date	2009 10 20 - 08:26:01	timeStampS	1256019961.6	injected	0	xPix	379	yPix	297	wheel	0	
mouseMove	window	FolderView	widget	2752896	date	2009 10 20 - 08:26:01	timeStampS	1256019961.61	injected	0	xPix	381	yPix	294	wheel	0	
mouseMove	window	FolderView	widget	2752896	date	2009 10 20 - 08:26:01	timeStampS	1256019961.62	injected	0	xPix	383	yPix	289	wheel	0	
mouseMove	window	FolderView	widget	2752896	date	2009 10 20 - 08:26:01	timeStampS	1256019961.63	injected	0	xPix	384	yPix	286	wheel	0	
mouseMove	window	FolderView	widget	2752896	date	2009 10 20 - 08:26:01	timeStampS	1256019961.64	injected	0	xPix	385	yPix	283	wheel	0	
mouseMove	window	FolderView	widget	2752896	date	2009 10 20 - 08:26:01	timeStampS	1256019961.65	injected	0	xPix	386	yPix	280	wheel	0	
mouseMove	window	FolderView	widget	2752896	date	2009 10 20 - 08:26:01	timeStampS	1256019961.66	injected	0	xPix	386	yPix	274	wheel	0	
mouseMove	window	FolderView	widget	2752896	date	2009 10 20 - 08:26:01	timeStampS	1256019961.67	injected	0	xPix	386	yPix	271	wheel	0	
mouseMove	window	FolderView	widget	2752896	date	2009 10 20 - 08:26:01	timeStampS	1256019961.68	injected	0	xPix	386	yPix	269	wheel	0	
mouseMove	window	FolderView	widget	2752896	date	2009 10 20 - 08:26:01	timeStampS	1256019961.69	injected	0	xPix	386	yPix	266	wheel	0	
mouseMove	window	FolderView	widget	2752896	date	2009 10 20 - 08:26:01	timeStampS	1256019961.7	injected	0	xPix	386	yPix	262	wheel	0	
mouseMove	window	FolderView	widget	2752896	date	2009 10 20 - 08:26:01	timeStampS	1256019961.71	injected	0	xPix	386	yPix	261	wheel	0	
mouseMove	window	FolderView	widget	2752896	date	2009 10 20 - 08:26:01	timeStampS	1256019961.72	injected	0	xPix	386	yPix	259	wheel	0	
mouseMove	window	FolderView	widget	2752896	date	2009 10 20 - 08:26:01	timeStampS	1256019961.73	injected	0	xPix	385	yPix	258	wheel	0	
mouseMove	window	FolderView	widget	2752896	date	2009 10 20 - 08:26:01	timeStampS	1256019961.74	injected	0	xPix	382	yPix	255	wheel	0	
mouseMove	window	FolderView	widget	2752896	date	2009 10 20 - 08:26:01	timeStampS	1256019961.75	injected	0	xPix	381	yPix	253	wheel	0	
mouseMove	window	FolderView	widget	2752896	date	2009 10 20 - 08:26:01	timeStampS	1256019961.76	injected	0	xPix	380	yPix	252	wheel	0	
mouseMove	window	FolderView	widget	2752896	date	2009 10 20 - 08:26:01	timeStampS	1256019961.77	injected	0	xPix	379	yPix	250	wheel	0	
mouseMove	window	FolderView	widget	2752896	date	2009 10 20 - 08:26:01	timeStampS	1256019961.78	injected	0	xPix	376	yPix	247	wheel	0	
mouseMove	window	FolderView	widget	2752896	date	2009 10 20 - 08:26:01	timeStampS	1256019961.79	injected	0	xPix	374	yPix	246	wheel	0	
mouseMove	window	FolderView	widget	2752896	date	2009 10 20 - 08:26:01	timeStampS	1256019961.8	injected	0	xPix	373	yPix	245	wheel	0	
mouseMove	window	FolderView	widget	2752896	date	2009 10 20 - 08:26:01	timeStampS	1256019961.81	injected	0	xPix	371	yPix	244	wheel	0	
mouseMove	window	FolderView	widget	2752896	date	2009 10 20 - 08:26:01	timeStampS	1256019961.82	injected	0	xPix	367	yPix	243	wheel	0	
mouseMove	window	FolderView	widget	2752896	date	2009 10 20 - 08:26:01	timeStampS	1256019961.83	injected	0	xPix	364	yPix	243	wheel	0	
mouseMove	window	FolderView	widget	2752896	date	2009 10 20 - 08:26:01	timeStampS	1256019961.84	injected	0	xPix	362	yPix	243	wheel	0	
mouseMove	window	FolderView	widget	2752896	date	2009 10 20 - 08:26:01	timeStampS	1256019961.85	injected	0	xPix	359	yPix	242	wheel	0	
mouseMove	window	FolderView	widget	2752896	date	2009 10 20 - 08:26:01	timeStampS	1256019961.86	injected	0	xPix	356	yPix	242	wheel	0	
mouseMove	window	FolderView	widget	2752896	date	2009 10 20 - 08:26:01	timeStampS	1256019961.87	injected	0	xPix	353	yPix	242	wheel	0	
mouseMove	window	FolderView	widget	2752896	date	2009 10 20 - 08:26:01	timeStampS	1256019961.88	injected	0	xPix	351	yPix	242	wheel	0	
mouseMove	window	FolderView	widget	2752896	date	2009 10 20 - 08:26:01	timeStampS	1256019961.89	injected	0	xPix	349	yPix	242	wheel	0	
mouseMove	window	FolderView	widget	2752896	date	2009 10 20 - 08:26:01	timeStampS	1256019961.9	injected	0	xPix	346	yPix	243	wheel	0	
mouseMove	window	FolderView	widget	2752896	date	2009 10 20 - 08:26:01	timeStampS	1256019961.91	injected	0	xPix	345	yPix	243	wheel	0	
mouseMove	window	FolderView	widget	2752896	date	2009 10 20 - 08:26:01	timeStampS	1256019961.92	injected	0	xPix	344	yPix	244	wheel	0	
mouseMove	window	FolderView	widget	2752896	date	2009 10 20 - 08:26:01	timeStampS	1256019961.93	injected	0	xPix	343	yPix	244	wheel	0	
mouseMove	window	FolderView	widget	2752896	date	2009 10 20 - 08:26:01	timeStampS	1256019961.94	injected	0	xPix	341	yPix	247	wheel	0	
mouseMove	window	FolderView	widget	2752896	date	2009 10 20 - 08:26:01	timeStampS	1256019961.95	injected	0	xPix	340	yPix	249	wheel	0	
mouseMove	window	FolderView	widget	2752896	date	2009 10 20 - 08:26:01	timeStampS	1256019961.96	injected	0	xPix	339	yPix	251	wheel	0	
mouseMove	window	FolderView	widget	2752896	date	2009 10 20 - 08:26:01	timeStampS	1256019961.97	injected	0	xPix	338	yPix	253	wheel	0	
mouseMove	window	FolderView	widget	2752896	date	2009 10 20 - 08:26:01	timeStampS	1256019961.98	injected	0	xPix	335	yPix	258	wheel	0	
mouseMove	window	FolderView	widget	2752896	date	2009 10 20 - 08:26:01	timeStampS	1256019961.99	injected	0	xPix	333	yPix	260	wheel	0	
mouseMove	window	FolderView	widget	2752896	date	2009 10 20 - 08:26:01	timeStampS	1256019962.0	injected	0	xPix	332	yPix	263	wheel	0	
mouseMove	window	FolderView	widget	2752896	date	2009 10 20 - 08:26:01	timeStampS	1256019962.01	injected	0	xPix	330	yPix	266	wheel	0	
mouseMove	window	FolderView	widget	2752896	date	2009 10 20 - 08:26:02	timeStampS	1256019962.02	injected	0	xPix	328	yPix	271	wheel	0	
mouseMove	window	FolderView	widget	2752896	date	2009 10 20 - 08:26:02	timeStampS	1256019962.03	injected	0	xPix	327	yPix	274	wheel	0	
mouseMove	window	FolderView	widget	2752896	date	2009 10 20 - 08:26:02	timeStampS	1256019962.04	injected	0	xPix	326	yPix	277	wheel	0	
mouseMove	window	FolderView	widget	2752896	date	2009 10 20 - 08:26:02	timeStampS	1256019962.05	injected	0	xPix	326	yPix	280	wheel	0	
mouseMove	window	FolderView	widget	2752896	date	2009 10 20 - 08:26:02	timeStampS	1256019962.06	injected	0	xPix	325	yPix	286	wheel	0	
mouseMove	window	FolderView	widget	2752896	date	2009 10 20 - 08:26:02	timeStampS	1256019962.07	injected	0	xPix	325	yPix	289	wheel	0	
mouseMove	window	FolderView	widget	2752896	date	2009 10 20 - 08:26:02	timeStampS	1256019962.08	injected	0	xPix	325	yPix	292	wheel	0	
mouseMove	window	FolderView	widget	2752896	date	2009 10 20 - 08:26:02	timeStampS	1256019962.09	injected	0	xPix	325	yPix	294	wheel	0	
mouseMove	window	FolderView	widget	2752896	date	2009 10 20 - 08:26:02	timeStampS	1256019962.1	injected	0	xPix	325	yPix	298	wheel	0	
mouseMove	window	FolderView	widget	2752896	date	2009 10 20 - 08:26:02	timeStampS	1256019962.11	injected	0	xPix	326	yPix	300	wheel	0	
mouseMove	window	FolderView	widget	2752896	date	2009 10 20 - 08:26:02	timeStampS	1256019962.12	injected	0	xPix	326	yPix	303	wheel	0	
mouseMove	window	FolderView	widget	2752896	date	2009 10 20 - 08:26:02	timeStampS	1256019962.13	injected	0	xPix	328	yPix	304	wheel	0	
mouseMove	window	FolderView	widget	2752896	date	2009 10 20 - 08:26:02	timeStampS	1256019962.14	injected	0	xPix	333	yPix	308	wheel	0	
mouseMove	window	FolderView	widget	2752896	date	2009 10 20 - 08:26:02	timeStampS	1256019962.15	injected	0	xPix	335	yPix	310	wheel	0	
mouseMove	window	FolderView	widget	2752896	date	2009 10 20 - 08:26:02	timeStampS	1256019962.16	injected	0	xPix	337	yPix	312	wheel	0	
mouseMove	window	FolderView	widget	2752896	date	2009 10 20 - 08:26:02	timeStampS	1256019962.17	injected	0	xPix	339	yPix	314	wheel	0	
mouseMove	window	FolderView	widget	2752896	date	2009 10 20 - 08:26:02	timeStampS	1256019962.18	injected	0	xPix	342	yPix	316	wheel	0	
mouseMove	window	FolderView	widget	2752896	date	2009 10 20 - 08:26:02	timeStampS	1256019962.19	injected	0	xPix	344	yPix	317	wheel	0	
mouseMove	window	FolderView	widget	2752896	date	2009 10 20 - 08:26:02	timeStampS	1256019962.2	injected	0	xPix	346	yPix	317	wheel	0	
mouseMove	window	FolderView	widget	2752896	date	2009 10 20 - 08:26:02	timeStampS	1256019962.21	injected	0	xPix	349	yPix	317	wheel	0	
mouseMove	window	FolderView	widget	2752896	date	2009 10 20 - 08:26:02	timeStampS	1256019962.22	injected	0	xPix	353	yPix	318	wheel	0	
mouseMove	window	FolderView	widget	2752896	date	2009 10 20 - 08:26:02	timeStampS	1256019962.23	injected	0	xPix	354	yPix	319	wheel	0	
mouseMove	window	FolderView	widget	2752896	date	2009 10 20 - 08:26:02	timeStampS	1256019962.24	injected	0	xPix	356	yPix	319	wheel	0	
mouseMove	window	FolderView	widget	2752896	date	2009 10 20 - 08:26:02	timeStampS	1256019962.25	injected	0	xPix	357	yPix	319	wheel	0	
mouseMove	window	FolderView	widget	2752896	date	2009 10 20 - 08:26:02	timeStampS	1256019962.26	injected	0	xPix	358	yPix	319	wheel	0	
mouseMove	window	FolderView	widget	2752896	date	2009 10 20 - 08:26:02	timeStampS	1256019962.41	injected	0	xPix	359	yPix	319	wheel	0	
mouseMove	window	FolderView	widget	2752896	date	2009 10 20 - 08:26:02	timeStampS	1256019962.42	injected	0	xPix	361	yPix	319	wheel	0	
mouseMove	window	FolderView	widget	2752896	date	2009 10 20 - 08:26:02	timeStampS	1256019962.43	injected	0	xPix	364	yPix	319	wheel	0	
mouseMove	window	FolderView	widget	2752896	date	2009 10 20 - 08:26:02	timeStampS	1256019962.44	injected	0	xPix	367	yPix	318	wheel	0	
mouseMove	window	FolderView	widget	2752896	date	2009 10 20 - 08:26:02	timeStampS	1256019962.45	injected	0	xPix	374	yPix	317	wheel	0	
mouseMove	window	FolderView	widget	2752896	date	2009 10 20 - 08:26:02	timeStampS	1256019962.46	injected	0	xPix	378	yPix	317	wheel	0	
mouseMove	window	FolderView	widget	2752896	date	2009 10 20 - 08:26:02	timeStampS	1256019962.47	injected	0	xPix	381	yPix	317	wheel	0	
mouseMove	window	FolderView	widget	2752896	date	2009 10 20 - 08:26:02	timeStampS	1256019962.48	injected	0	xPix	384	yPix	317	wheel	0	
mouseMove	window	FolderView	widget	2752896	date	2009 10 20 - 08:26:02	timeStampS	1256019962.49	injected	0	xPix	387	yPix	316	wheel	0	
mouseMove	window	FolderView	widget	2752896	date	2009 10 20 - 08:26:02	timeStampS	1256019962.5	injected	0	xPix	393	yPix	316	wheel	0	
mouseMove	window	FolderView	widget	2752896	date	2009 10 20 - 08:26:02	timeStampS	1256019962.51	injected	0	xPix	396	yPix	316	wheel	0	
mouseMove	window	FolderView	widget	2752896	date	2009 10 20 - 08:26:02	timeStampS	1256019962.52	injected	0	xPix	399	yPix	316	wheel	0	
mouseMove	window	FolderView	widget	2752896	date	2009 10 20 - 08:26:02	timeStampS	1256019962.53	injected	0	xPix	402	yPix	316	wheel	0	
mouseMove	window	FolderView	widget	2752896	date	2009 10 20 - 08:26:02	timeStampS	1256019962.54	injected	0	xPix	408	yPix	316	wheel	0	
mouseMove	window	FolderView	widget	2752896	date	2009 10 20 - 08:26:02	timeStampS	1256019962.55	injected	0	xPix	412	yPix	316	wheel	0	
mouseMove	window	FolderView	widget	2752896	date	2009 10 20 - 08:26:02	timeStampS	1256019962.56	injected	0	xPix	415	yPix	316	wheel	0	
mouseMove	window	FolderView	widget	2752896	date	2009 10 20 - 08:26:02	timeStampS	1256019962.57	injected	0	xPix	418	yPix	316	wheel	0	
mouseMove	window	FolderView	widget	2752896	date	2009 10 20 - 08:26:02	timeStampS	1256019962.58	injected	0	xPix	424	yPix	316	wheel	0	
mouseMove	window	FolderView	widget	2752896	date	2009 10 20 - 08:26:02	timeStampS	1256019962.59	injected	0	xPix	427	yPix	316	wheel	0	
mouseMove	window	FolderView	widget	2752896	date	2009 10 20 - 08:26:02	timeStampS	1256019962.6	injected	0	xPix	430	yPix	316	wheel	0	
mouseMove	window	FolderView	widget	2752896	date	2009 10 20 - 08:26:02	timeStampS	1256019962.61	injected	0	xPix	432	yPix	316	wheel	0	
mouseMove	window	FolderView	widget	2752896	date	2009 10 20 - 08:26:02	timeStampS	1256019962.62	injected	0	xPix	436	yPix	317	wheel	0	
mouseMove	window	FolderView	widget	2752896	date	2009 10 20 - 08:26:02	timeStampS	1256019962.63	injected	0	xPix	437	yPix	318	wheel	0	
mouseMove	window	FolderView	widget	2752896	date	2009 10 20 - 08:26:02	timeStampS	1256019962.64	injected	0	xPix	439	yPix	319	wheel	0	
mouseMove	window	FolderView	widget	2752896	date	2009 10 20 - 08:26:02	timeStampS	1256019962.65	injected	0	xPix	441	yPix	319	wheel	0	
mouseMove	window	FolderView	widget	2752896	date	2009 10 20 - 08:26:02	timeStampS	1256019962.66	injected	0	xPix	445	yPix	321	wheel	0	
mouseMove	window	FolderView	widget	2752896	date	2009 10 20 - 08:26:02	timeStampS	1256019962.67	injected	0	xPix	446	yPix	322	wheel	0	
mouseMove	window	FolderView	widget	2752896	date	2009 10 20 - 08:26:02	timeStampS	1256019962.68	injected	0	xPix	448	yPix	323	wheel	0	
mouseMove	window	FolderView	widget	2752896	date	2009 10 20 - 08:26:02	timeStampS	1256019962.69	injected	0	xPix	449	yPix	324	wheel	0	
mouseMove	window	FolderView	widget	2752896	date	2009 10 20 - 08:26:02	timeStampS	1256019962.7	injected	0	xPix	452	yPix	328	wheel	0	
mouseMove	window	FolderView	widget	2752896	date	2009 10 20 - 08:26:02	timeStampS	1256019962.71	injected	0	xPix	453	yPix	329	wheel	0	
mouseMove	window	FolderView	widget	2752896	date	2009 10 20 - 08:26:02	timeStampS	1256019962.72	injected	0	xPix	454	yPix	331	wheel	0	
mouseMove	window	FolderView	widget	2752896	date	2009 10 20 - 08:26:02	timeStampS	1256019962.73	injected	0	xPix	455	yPix	335	wheel	0	
mouseMove	window	FolderView	widget	2752896	date	2009 10 20 - 08:26:02	timeStampS	1256019962.74	injected	0	xPix	455	yPix	337	wheel	0	
mouseMove	window	FolderView	widget	2752896	date	2009 10 20 - 08:26:02	timeStampS	1256019962.75	injected	0	xPix	455	yPix	339	wheel	0	
mouseMove	window	FolderView	widget	2752896	date	2009 10 20 - 08:26:02	timeStampS	1256019962.76	injected	0	xPix	455	yPix	341	wheel	0	
mouseMove	window	FolderView	widget	2752896	date	2009 10 20 - 08:26:02	timeStampS	1256019962.77	injected	0	xPix	455	yPix	347	wheel	0	
mouseMove	window	FolderView	widget	2752896	date	2009 10 20 - 08:26:02	timeStampS	1256019962.78	injected	0	xPix	454	yPix	349	wheel	0	
mouseMove	window	FolderView	widget	2752896	date	2009 10 20 - 08:26:02	timeStampS	1256019962.79	injected	0	xPix	453	yPix	353	wheel	0	
mouseMove	window	FolderView	widget	2752896	date	2009 10 20 - 08:26:02	timeStampS	1256019962.8	injected	0	xPix	452	yPix	356	wheel	0	
mouseMove	window	FolderView	widget	2752896	date	2009 10 20 - 08:26:02	timeStampS	1256019962.81	injected	0	xPix	449	yPix	361	wheel	0	
mouseMove	window	FolderView	widget	2752896	date	2009 10 20 - 08:26:02	timeStampS	1256019962.82	injected	0	xPix	447	yPix	363	wheel	0	
mouseMove	window	FolderView	widget	2752896	date	2009 10 20 - 08:26:02	timeStampS	1256019962.83	injected	0	xPix	445	yPix	365	wheel	0	
mouseMove	window	FolderView	widget	2752896	date	2009 10 20 - 08:26:02	timeStampS	1256019962.84	injected	0	xPix	443	yPix	366	wheel	0	
mouseMove	window	FolderView	widget	2752896	date	2009 10 20 - 08:26:02	timeStampS	1256019962.85	injected	0	xPix	437	yPix	369	wheel	0	
mouseMove	window	FolderView	widget	2752896	date	2009 10 20 - 08:26:02	timeStampS	1256019962.86	injected	0	xPix	432	yPix	369	wheel	0	
mouseMove	window	FolderView	widget	2752896	date	2009 10 20 - 08:26:02	timeStampS	1256019962.87	injected	0	xPix	428	yPix	370	wheel	0	
mouseMove	window	FolderView	widget	2752896	date	2009 10 20 - 08:26:02	timeStampS	1256019962.88	injected	0	xPix	424	yPix	370	wheel	0	
mouseMove	window	FolderView	widget	2752896	date	2009 10 20 - 08:26:02	timeStampS	1256019962.89	injected	0	xPix	416	yPix	369	wheel	0	
mouseMove	window	FolderView	widget	2752896	date	2009 10 20 - 08:26:02	timeStampS	1256019962.9	injected	0	xPix	411	yPix	368	wheel	0	
mouseMove	window	FolderView	widget	2752896	date	2009 10 20 - 08:26:02	timeStampS	1256019962.91	injected	0	xPix	406	yPix	368	wheel	0	
mouseMove	window	FolderView	widget	2752896	date	2009 10 20 - 08:26:02	timeStampS	1256019962.92	injected	0	xPix	402	yPix	367	wheel	0	
mouseMove	window	FolderView	widget	2752896	date	2009 10 20 - 08:26:02	timeStampS	1256019962.93	injected	0	xPix	392	yPix	363	wheel	0	
mouseMove	window	FolderView	widget	2752896	date	2009 10 20 - 08:26:02	timeStampS	1256019962.94	injected	0	xPix	388	yPix	361	wheel	0	
mouseMove	window	FolderView	widget	2752896	date	2009 10 20 - 08:26:02	timeStampS	1256019962.95	injected	0	xPix	385	yPix	359	wheel	0	
mouseMove	window	FolderView	widget	2752896	date	2009 10 20 - 08:26:02	timeStampS	1256019962.96	injected	0	xPix	381	yPix	358	wheel	0	
mouseMove	window	FolderView	widget	2752896	date	2009 10 20 - 08:26:02	timeStampS	1256019962.97	injected	0	xPix	375	yPix	352	wheel	0	
mouseMove	window	FolderView	widget	2752896	date	2009 10 20 - 08:26:02	timeStampS	1256019962.98	injected	0	xPix	372	yPix	349	wheel	0	
mouseMove	window	FolderView	widget	2752896	date	2009 10 20 - 08:26:02	timeStampS	1256019962.99	injected	0	xPix	370	yPix	346	wheel	0	
mouseMove	window	FolderView	widget	2752896	date	2009 10 20 - 08:26:02	timeStampS	1256019963.0	injected	0	xPix	369	yPix	344	wheel	0	
mouseMove	window	FolderView	widget	2752896	date	2009 10 20 - 08:26:02	timeStampS	1256019963.01	injected	0	xPix	367	yPix	339	wheel	0	
mouseMove	window	FolderView	widget	2752896	date	2009 10 20 - 08:26:03	timeStampS	1256019963.02	injected	0	xPix	367	yPix	336	wheel	0	
mouseMove	window	FolderView	widget	2752896	date	2009 10 20 - 08:26:03	timeStampS	1256019963.03	injected	0	xPix	366	yPix	333	wheel	0	
mouseMove	window	FolderView	widget	2752896	date	2009 10 20 - 08:26:03	timeStampS	1256019963.04	injected	0	xPix	366	yPix	330	wheel	0	
mouseMove	window	FolderView	widget	2752896	date	2009 10 20 - 08:26:03	timeStampS	1256019963.05	injected	0	xPix	366	yPix	327	wheel	0	
mouseMove	window	FolderView	widget	2752896	date	2009 10 20 - 08:26:03	timeStampS	1256019963.06	injected	0	xPix	366	yPix	325	wheel	0	
mouseMove	window	FolderView	widget	2752896	date	2009 10 20 - 08:26:03	timeStampS	1256019963.07	injected	0	xPix	366	yPix	325	wheel	0	
mouseMove	window	FolderView	widget	2752896	date	2009 10 20 - 08:26:03	timeStampS	1256019963.08	injected	0	xPix	366	yPix	324	wheel	0	
mouseMove	window	FolderView	widget	2752896	date	2009 10 20 - 08:26:03	timeStampS	1256019963.16	injected	0	xPix	365	yPix	324	wheel	0	
mouseMove	window	FolderView	widget	2752896	date	2009 10 20 - 08:26:03	timeStampS	1256019963.17	injected	0	xPix	365	yPix	323	wheel	0	
mouseMove	window	FolderView	widget	2752896	date	2009 10 20 - 08:26:03	timeStampS	1256019963.18	injected	0	xPix	364	yPix	322	wheel	0	
mouseMove	window	FolderView	widget	2752896	date	2009 10 20 - 08:26:03	timeStampS	1256019963.19	injected	0	xPix	364	yPix	322	wheel	0	
mouseMove	window	FolderView	widget	2752896	date	2009 10 20 - 08:26:03	timeStampS	1256019963.2	injected	0	xPix	364	yPix	322	wheel	0	
mouseMove	window	FolderView	widget	2752896	date	2009 10 20 - 08:26:03	timeStampS	1256019963.21	injected	0	xPix	362	yPix	321	wheel	0	
mouseMove	window	FolderView	widget	2752896	date	2009 10 20 - 08:26:03	timeStampS	1256019963.22	injected	0	xPix	362	yPix	321	wheel	0	
mouseMove	window	FolderView	widget	2752896	date	2009 10 20 - 08:26:03	timeStampS	1256019963.23	injected	0	xPix	361	yPix	320	wheel	0	
mouseMove	window	FolderView	widget	2752896	date	2009 10 20 - 08:26:03	timeStampS	1256019963.24	injected	0	xPix	360	yPix	320	wheel	0	
mouseMove	window	FolderView	widget	2752896	date	2009 10 20 - 08:26:03	timeStampS	1256019963.25	injected	0	xPix	356	yPix	320	wheel	0	
mouseMove	window	FolderView	widget	2752896	date	2009 10 20 - 08:26:03	timeStampS	1256019963.26	injected	0	xPix	355	yPix	319	wheel	0	
mouseMove	window	FolderView	widget	2752896	date	2009 10 20 - 08:26:03	timeStampS	1256019963.27	injected	0	xPix	353	yPix	318	wheel	0	
mouseMove	window	FolderView	widget	2752896	date	2009 10 20 - 08:26:03	timeStampS	1256019963.28	injected	0	xPix	350	yPix	318	wheel	0	
mouseMove	window	FolderView	widget	2752896	date	2009 10 20 - 08:26:03	timeStampS	1256019963.29	injected	0	xPix	345	yPix	317	wheel	0	
mouseMove	window	FolderView	widget	2752896	date	2009 10 20 - 08:26:03	timeStampS	1256019963.3	injected	0	xPix	343	yPix	316	wheel	0	
mouseMove	window	FolderView	widget	2752896	date	2009 10 20 - 08:26:03	timeStampS	1256019963.31	injected	0	xPix	341	yPix	315	wheel	0	
mouseMove	window	FolderView	widget	2752896	date	2009 10 20 - 08:26:03	timeStampS	1256019963.32	injected	0	xPix	339	yPix	315	wheel	0	
mouseMove	window	FolderView	widget	2752896	date	2009 10 20 - 08:26:03	timeStampS	1256019963.33	injected	0	xPix	335	yPix	313	wheel	0	
mouseMove	window	FolderView	widget	2752896	date	2009 10 20 - 08:26:03	timeStampS	1256019963.34	injected	0	xPix	334	yPix	313	wheel	0	
mouseMove	window	FolderView	widget	2752896	date	2009 10 20 - 08:26:03	timeStampS	1256019963.35	injected	0	xPix	332	yPix	313	wheel	0	
mouseMove	window	FolderView	widget	2752896	date	2009 10 20 - 08:26:03	timeStampS	1256019963.36	injected	0	xPix	332	yPix	312	wheel	0	
mouseMove	window	FolderView	widget	2752896	date	2009 10 20 - 08:26:03	timeStampS	1256019963.37	injected	0	xPix	330	yPix	312	wheel	0	
mouseMove	window	FolderView	widget	2752896	date	2009 10 20 - 08:26:03	timeStampS	1256019963.38	injected	0	xPix	329	yPix	312	wheel	0	
mouseMove	window	FolderView	widget	2752896	date	2009 10 20 - 08:26:03	timeStampS	1256019963.39	injected	0	xPix	328	yPix	312	wheel	0	
mouseMove	window	FolderView	widget	2752896	date	2009 10 20 - 08:26:03	timeStampS	1256019963.4	injected	0	xPix	326	yPix	312	wheel	0	
mouseMove	window	FolderView	widget	2752896	date	2009 10 20 - 08:26:03	timeStampS	1256019963.41	injected	0	xPix	322	yPix	312	wheel	0	
mouseMove	window	FolderView	widget	2752896	date	2009 10 20 - 08:26:03	timeStampS	1256019963.42	injected	0	xPix	320	yPix	312	wheel	0	
mouseMove	window	FolderView	widget	2752896	date	2009 10 20 - 08:26:03	timeStampS	1256019963.43	injected	0	xPix	318	yPix	311	wheel	0	
mouseMove	window	FolderView	widget	2752896	date	2009 10 20 - 08:26:03	timeStampS	1256019963.44	injected	0	xPix	315	yPix	310	wheel	0	
mouseMove	window	FolderView	widget	2752896	date	2009 10 20 - 08:26:03	timeStampS	1256019963.45	injected	0	xPix	311	yPix	310	wheel	0	
mouseMove	window	FolderView	widget	2752896	date	2009 10 20 - 08:26:03	timeStampS	1256019963.46	injected	0	xPix	309	yPix	309	wheel	0	
mouseMove	window	FolderView	widget	2752896	date	2009 10 20 - 08:26:03	timeStampS	1256019963.47	injected	0	xPix	306	yPix	309	wheel	0	
mouseMove	window	FolderView	widget	2752896	date	2009 10 20 - 08:26:03	timeStampS	1256019963.48	injected	0	xPix	304	yPix	309	wheel	0	
mouseMove	window	FolderView	widget	2752896	date	2009 10 20 - 08:26:03	timeStampS	1256019963.49	injected	0	xPix	297	yPix	309	wheel	0	
mouseMove	window	FolderView	widget	2752896	date	2009 10 20 - 08:26:03	timeStampS	1256019963.5	injected	0	xPix	294	yPix	309	wheel	0	
mouseMove	window	FolderView	widget	2752896	date	2009 10 20 - 08:26:03	timeStampS	1256019963.51	injected	0	xPix	290	yPix	309	wheel	0	
mouseMove	window	FolderView	widget	2752896	date	2009 10 20 - 08:26:03	timeStampS	1256019963.52	injected	0	xPix	288	yPix	310	wheel	0	
mouseMove	window	FolderView	widget	2752896	date	2009 10 20 - 08:26:03	timeStampS	1256019963.53	injected	0	xPix	282	yPix	312	wheel	0	
mouseMove	window	FolderView	widget	2752896	date	2009 10 20 - 08:26:03	timeStampS	1256019963.54	injected	0	xPix	280	yPix	314	wheel	0	
mouseMove	window	FolderView	widget	2752896	date	2009 10 20 - 08:26:03	timeStampS	1256019963.55	injected	0	xPix	277	yPix	316	wheel	0	
mouseMove	window	FolderView	widget	2752896	date	2009 10 20 - 08:26:03	timeStampS	1256019963.56	injected	0	xPix	274	yPix	318	wheel	0	
mouseMove	window	FolderView	widget	2752896	date	2009 10 20 - 08:26:03	timeStampS	1256019963.57	injected	0	xPix	268	yPix	322	wheel	0	
mouseMove	window	FolderView	widget	2752896	date	2009 10 20 - 08:26:03	timeStampS	1256019963.58	injected	0	xPix	265	yPix	325	wheel	0	
mouseMove	window	FolderView	widget	2752896	date	2009 10 20 - 08:26:03	timeStampS	1256019963.59	injected	0	xPix	263	yPix	328	wheel	0	
mouseMove	window	FolderView	widget	2752896	date	2009 10 20 - 08:26:03	timeStampS	1256019963.6	injected	0	xPix	261	yPix	330	wheel	0	
mouseMove	window	FolderView	widget	2752896	date	2009 10 20 - 08:26:03	timeStampS	1256019963.61	injected	0	xPix	257	yPix	335	wheel	0	
mouseMove	window	FolderView	widget	2752896	date	2009 10 20 - 08:26:03	timeStampS	1256019963.62	injected	0	xPix	256	yPix	338	wheel	0	
mouseMove	window	FolderView	widget	2752896	date	2009 10 20 - 08:26:03	timeStampS	1256019963.63	injected	0	xPix	255	yPix	341	wheel	0	
mouseMove	window	FolderView	widget	2752896	date	2009 10 20 - 08:26:03	timeStampS	1256019963.64	injected	0	xPix	254	yPix	343	wheel	0	
mouseMove	window	FolderView	widget	2752896	date	2009 10 20 - 08:26:03	timeStampS	1256019963.67	injected	0	xPix	253	yPix	352	wheel	0	
mouseMove	window	FolderView	widget	2752896	date	2009 10 20 - 08:26:03	timeStampS	1256019963.68	injected	0	xPix	253	yPix	354	wheel	0	
mouseMove	window	FolderView	widget	2752896	date	2009 10 20 - 08:26:03	timeStampS	1256019963.69	injected	0	xPix	253	yPix	357	wheel	0	
mouseMove	window	FolderView	widget	2752896	date	2009 10 20 - 08:26:03	timeStampS	1256019963.7	injected	0	xPix	254	yPix	359	wheel	0	
mouseMove	window	FolderView	widget	2752896	date	2009 10 20 - 08:26:03	timeStampS	1256019963.71	injected	0	xPix	255	yPix	360	wheel	0	
mouseMove	window	FolderView	widget	2752896	date	2009 10 20 - 08:26:03	timeStampS	1256019963.72	injected	0	xPix	256	yPix	361	wheel	0	
mouseMove	window	FolderView	widget	2752896	date	2009 10 20 - 08:26:03	timeStampS	1256019963.73	injected	0	xPix	259	yPix	363	wheel	0	
mouseMove	window	FolderView	widget	2752896	date	2009 10 20 - 08:26:03	timeStampS	1256019963.74	injected	0	xPix	261	yPix	364	wheel	0	
mouseMove	window	FolderView	widget	2752896	date	2009 10 20 - 08:26:03	timeStampS	1256019963.75	injected	0	xPix	264	yPix	365	wheel	0	
mouseMove	window	FolderView	widget	2752896	date	2009 10 20 - 08:26:03	timeStampS	1256019963.76	injected	0	xPix	266	yPix	365	wheel	0	
mouseMove	window	FolderView	widget	2752896	date	2009 10 20 - 08:26:03	timeStampS	1256019963.77	injected	0	xPix	272	yPix	366	wheel	0	
mouseMove	window	FolderView	widget	2752896	date	2009 10 20 - 08:26:03	timeStampS	1256019963.78	injected	0	xPix	276	yPix	366	wheel	0	
mouseMove	window	FolderView	widget	2752896	date	2009 10 20 - 08:26:03	timeStampS	1256019963.79	injected	0	xPix	280	yPix	366	wheel	0	
mouseMove	window	FolderView	widget	2752896	date	2009 10 20 - 08:26:03	timeStampS	1256019963.8	injected	0	xPix	284	yPix	366	wheel	0	
mouseMove	window	FolderView	widget	2752896	date	2009 10 20 - 08:26:03	timeStampS	1256019963.81	injected	0	xPix	293	yPix	366	wheel	0	
mouseMove	window	FolderView	widget	2752896	date	2009 10 20 - 08:26:03	timeStampS	1256019963.82	injected	0	xPix	297	yPix	366	wheel	0	
mouseMove	window	FolderView	widget	2752896	date	2009 10 20 - 08:26:03	timeStampS	1256019963.83	injected	0	xPix	302	yPix	366	wheel	0	
mouseMove	window	FolderView	widget	2752896	date	2009 10 20 - 08:26:03	timeStampS	1256019963.84	injected	0	xPix	307	yPix	366	wheel	0	
mouseMove	window	FolderView	widget	2752896	date	2009 10 20 - 08:26:03	timeStampS	1256019963.85	injected	0	xPix	316	yPix	364	wheel	0	
mouseMove	window	FolderView	widget	2752896	date	2009 10 20 - 08:26:03	timeStampS	1256019963.86	injected	0	xPix	320	yPix	363	wheel	0	
mouseMove	window	FolderView	widget	2752896	date	2009 10 20 - 08:26:03	timeStampS	1256019963.87	injected	0	xPix	324	yPix	361	wheel	0	
mouseMove	window	FolderView	widget	2752896	date	2009 10 20 - 08:26:03	timeStampS	1256019963.88	injected	0	xPix	329	yPix	360	wheel	0	
mouseMove	window	FolderView	widget	2752896	date	2009 10 20 - 08:26:03	timeStampS	1256019963.89	injected	0	xPix	335	yPix	356	wheel	0	
mouseMove	window	FolderView	widget	2752896	date	2009 10 20 - 08:26:03	timeStampS	1256019963.9	injected	0	xPix	338	yPix	354	wheel	0	
mouseMove	window	FolderView	widget	2752896	date	2009 10 20 - 08:26:03	timeStampS	1256019963.91	injected	0	xPix	340	yPix	352	wheel	0	
mouseMove	window	FolderView	widget	2752896	date	2009 10 20 - 08:26:03	timeStampS	1256019963.92	injected	0	xPix	342	yPix	351	wheel	0	
mouseMove	window	FolderView	widget	2752896	date	2009 10 20 - 08:26:03	timeStampS	1256019963.93	injected	0	xPix	346	yPix	347	wheel	0	
mouseMove	window	FolderView	widget	2752896	date	2009 10 20 - 08:26:03	timeStampS	1256019963.94	injected	0	xPix	347	yPix	344	wheel	0	
mouseMove	window	FolderView	widget	2752896	date	2009 10 20 - 08:26:03	timeStampS	1256019963.95	injected	0	xPix	348	yPix	343	wheel	0	
mouseMove	window	FolderView	widget	2752896	date	2009 10 20 - 08:26:03	timeStampS	1256019963.96	injected	0	xPix	349	yPix	338	wheel	0	
mouseMove	window	FolderView	widget	2752896	date	2009 10 20 - 08:26:03	timeStampS	1256019963.97	injected	0	xPix	349	yPix	336	wheel	0	
mouseMove	window	FolderView	widget	2752896	date	2009 10 20 - 08:26:03	timeStampS	1256019963.98	injected	0	xPix	349	yPix	334	wheel	0	
mouseMove	window	FolderView	widget	2752896	date	2009 10 20 - 08:26:03	timeStampS	1256019963.99	injected	0	xPix	350	yPix	332	wheel	0	
mouseMove	window	FolderView	widget	2752896	date	2009 10 20 - 08:26:03	timeStampS	1256019964.0	injected	0	xPix	351	yPix	327	wheel	0	
mouseMove	window	FolderView	widget	2752896	date	2009 10 20 - 08:26:04	timeStampS	1256019964.01	injected	0	xPix	351	yPix	325	wheel	0	
mouseMove	window	FolderView	widget	2752896	date	2009 10 20 - 08:26:04	timeStampS	1256019964.02	injected	0	xPix	351	yPix	323	wheel	0	
mouseMove	window	FolderView	widget	2752896	date	2009 10 20 - 08:26:04	timeStampS	1256019964.03	injected	0	xPix	351	yPix	321	wheel	0	
mouseMove	window	FolderView	widget	2752896	date	2009 10 20 - 08:26:04	timeStampS	1256019964.04	injected	0	xPix	351	yPix	317	wheel	0	
mouseMove	window	FolderView	widget	2752896	date	2009 10 20 - 08:26:04	timeStampS	1256019964.05	injected	0	xPix	351	yPix	316	wheel	0	
mouseMove	window	FolderView	widget	2752896	date	2009 10 20 - 08:26:04	timeStampS	1256019964.06	injected	0	xPix	351	yPix	315	wheel	0	
mouseMove	window	FolderView	widget	2752896	date	2009 10 20 - 08:26:04	timeStampS	1256019964.09	injected	0	xPix	351	yPix	315	wheel	0	
mouseMove	window	FolderView	widget	2752896	date	2009 10 20 - 08:26:04	timeStampS	1256019964.24	injected	0	xPix	352	yPix	315	wheel	0	
mouseMove	window	FolderView	widget	2752896	date	2009 10 20 - 08:26:04	timeStampS	1256019964.25	injected	0	xPix	353	yPix	315	wheel	0	
mouseMove	window	FolderView	widget	2752896	date	2009 10 20 - 08:26:04	timeStampS	1256019964.26	injected	0	xPix	354	yPix	315	wheel	0	
mouseMove	window	FolderView	widget	2752896	date	2009 10 20 - 08:26:04	timeStampS	1256019964.27	injected	0	xPix	355	yPix	315	wheel	0	
mouseMove	window	FolderView	widget	2752896	date	2009 10 20 - 08:26:04	timeStampS	1256019964.28	injected	0	xPix	358	yPix	315	wheel	0	
mouseMove	window	FolderView	widget	2752896	date	2009 10 20 - 08:26:04	timeStampS	1256019964.29	injected	0	xPix	359	yPix	315	wheel	0	
mouseMove	window	FolderView	widget	2752896	date	2009 10 20 - 08:26:04	timeStampS	1256019964.3	injected	0	xPix	360	yPix	315	wheel	0	
keyDown	window	C:\lesia\projects\basic_key_logger\standalone	widget	327932	date	2009 10 20 - 08:26:05	timeStampS	1256019965.51	injected	0	key	1	ascii	49	scanCode	2	keyId	49	extended	0	alt	0	
keyUp	window	C:\lesia\projects\basic_key_logger\standalone	widget	327932	date	2009 10 20 - 08:26:05	timeStampS	1256019965.65	injected	0	key	1	ascii	49	scanCode	2	keyId	49	extended	0	alt	0	
keyDown	window	C:\lesia\projects\basic_key_logger\standalone	widget	327932	date	2009 10 20 - 08:26:05	timeStampS	1256019965.75	injected	0	key	2	ascii	50	scanCode	3	keyId	50	extended	0	alt	0	
keyUp	window	C:\lesia\projects\basic_key_logger\standalone	widget	327932	date	2009 10 20 - 08:26:05	timeStampS	1256019965.87	injected	0	key	2	ascii	50	scanCode	3	keyId	50	extended	0	alt	0	
keyDown	window	C:\lesia\projects\basic_key_logger\standalone	widget	327932	date	2009 10 20 - 08:26:05	timeStampS	1256019965.99	injected	0	key	3	ascii	51	scanCode	4	keyId	51	extended	0	alt	0	
keyUp	window	C:\lesia\projects\basic_key_logger\standalone	widget	327932	date	2009 10 20 - 08:26:06	timeStampS	1256019966.13	injected	0	key	3	ascii	51	scanCode	4	keyId	51	extended	0	alt	0	
mouseLeftDown	window	FolderView	widget	2752896	date	2009 10 20 - 08:26:07	timeStampS	1256019967.5	injected	0	xPix	360	yPix	315	wheel	0	
mouseLeftUp	window	FolderView	widget	2752896	date	2009 10 20 - 08:26:07	timeStampS	1256019967.66	injected	0	xPix	360	yPix	315	wheel	0	
mouseRightDown	window	FolderView	widget	2752896	date	2009 10 20 - 08:26:08	timeStampS	1256019968.37	injected	0	xPix	360	yPix	315	wheel	0	
mouseRightUp	window	FolderView	widget	2752896	date	2009 10 20 - 08:26:08	timeStampS	1256019968.53	injected	0	xPix	360	yPix	315	wheel	0	
mouseLeftDown	window	FolderView	widget	3277322	date	2009 10 20 - 08:26:10	timeStampS	1256019970.59	injected	0	xPix	360	yPix	315	wheel	0	
mouseLeftUp	window	FolderView	widget	3277322	date	2009 10 20 - 08:26:10	timeStampS	1256019970.74	injected	0	xPix	360	yPix	315	wheel	0	
mouseMove	window	FolderView	widget	3277322	date	2009 10 20 - 08:26:12	timeStampS	1256019972.2	injected	0	xPix	360	yPix	315	wheel	0	
mouseMove	window	FolderView	widget	2752896	date	2009 10 20 - 08:26:12	timeStampS	1256019972.21	injected	0	xPix	357	yPix	319	wheel	0	
mouseMove	window	FolderView	widget	2752896	date	2009 10 20 - 08:26:12	timeStampS	1256019972.22	injected	0	xPix	353	yPix	321	wheel	0	
mouseMove	window	FolderView	widget	2752896	date	2009 10 20 - 08:26:12	timeStampS	1256019972.23	injected	0	xPix	344	yPix	326	wheel	0	
mouseMove	window	FolderView	widget	2752896	date	2009 10 20 - 08:26:12	timeStampS	1256019972.24	injected	0	xPix	340	yPix	329	wheel	0	
mouseMove	window	FolderView	widget	2752896	date	2009 10 20 - 08:26:12	timeStampS	1256019972.25	injected	0	xPix	336	yPix	331	wheel	0	
mouseMove	window	FolderView	widget	2752896	date	2009 10 20 - 08:26:12	timeStampS	1256019972.26	injected	0	xPix	332	yPix	333	wheel	0	
mouseMove	window	FolderView	widget	2752896	date	2009 10 20 - 08:26:12	timeStampS	1256019972.27	injected	0	xPix	325	yPix	338	wheel	0	
mouseMove	window	FolderView	widget	2752896	date	2009 10 20 - 08:26:12	timeStampS	1256019972.28	injected	0	xPix	321	yPix	340	wheel	0	
mouseMove	window	FolderView	widget	2752896	date	2009 10 20 - 08:26:12	timeStampS	1256019972.29	injected	0	xPix	318	yPix	342	wheel	0	
mouseMove	window	FolderView	widget	2752896	date	2009 10 20 - 08:26:12	timeStampS	1256019972.3	injected	0	xPix	315	yPix	344	wheel	0	
mouseMove	window	FolderView	widget	2752896	date	2009 10 20 - 08:26:12	timeStampS	1256019972.31	injected	0	xPix	310	yPix	346	wheel	0	
mouseMove	window	FolderView	widget	2752896	date	2009 10 20 - 08:26:12	timeStampS	1256019972.32	injected	0	xPix	308	yPix	347	wheel	0	
mouseMove	window	FolderView	widget	2752896	date	2009 10 20 - 08:26:12	timeStampS	1256019972.33	injected	0	xPix	306	yPix	349	wheel	0	
mouseMove	window	FolderView	widget	2752896	date	2009 10 20 - 08:26:12	timeStampS	1256019972.34	injected	0	xPix	304	yPix	351	wheel	0	
mouseMove	window	FolderView	widget	2752896	date	2009 10 20 - 08:26:12	timeStampS	1256019972.35	injected	0	xPix	300	yPix	354	wheel	0	
mouseMove	window	FolderView	widget	2752896	date	2009 10 20 - 08:26:12	timeStampS	1256019972.36	injected	0	xPix	299	yPix	355	wheel	0	
mouseMove	window	FolderView	widget	2752896	date	2009 10 20 - 08:26:12	timeStampS	1256019972.37	injected	0	xPix	298	yPix	356	wheel	0	
mouseMove	window	FolderView	widget	2752896	date	2009 10 20 - 08:26:12	timeStampS	1256019972.38	injected	0	xPix	297	yPix	358	wheel	0	
mouseMove	window	FolderView	widget	2752896	date	2009 10 20 - 08:26:12	timeStampS	1256019972.39	injected	0	xPix	295	yPix	360	wheel	0	
mouseMove	window	FolderView	widget	2752896	date	2009 10 20 - 08:26:12	timeStampS	1256019972.4	injected	0	xPix	295	yPix	361	wheel	0	
mouseMove	window	FolderView	widget	2752896	date	2009 10 20 - 08:26:12	timeStampS	1256019972.41	injected	0	xPix	294	yPix	362	wheel	0	
mouseMove	window	FolderView	widget	2752896	date	2009 10 20 - 08:26:12	timeStampS	1256019972.42	injected	0	xPix	293	yPix	363	wheel	0	
mouseMove	window	FolderView	widget	2752896	date	2009 10 20 - 08:26:12	timeStampS	1256019972.43	injected	0	xPix	292	yPix	366	wheel	0	
mouseMove	window	FolderView	widget	2752896	date	2009 10 20 - 08:26:12	timeStampS	1256019972.44	injected	0	xPix	291	yPix	368	wheel	0	
mouseMove	window	FolderView	widget	2752896	date	2009 10 20 - 08:26:12	timeStampS	1256019972.45	injected	0	xPix	290	yPix	370	wheel	0	
mouseMove	window	FolderView	widget	2752896	date	2009 10 20 - 08:26:12	timeStampS	1256019972.46	injected	0	xPix	289	yPix	372	wheel	0	
mouseMove	window	FolderView	widget	2752896	date	2009 10 20 - 08:26:12	timeStampS	1256019972.47	injected	0	xPix	287	yPix	375	wheel	0	
mouseMove	window	FolderView	widget	2752896	date	2009 10 20 - 08:26:12	timeStampS	1256019972.48	injected	0	xPix	286	yPix	378	wheel	0	
mouseMove	window	FolderView	widget	2752896	date	2009 10 20 - 08:26:12	timeStampS	1256019972.49	injected	0	xPix	284	yPix	379	wheel	0	
mouseMove	window	FolderView	widget	2752896	date	2009 10 20 - 08:26:12	timeStampS	1256019972.5	injected	0	xPix	282	yPix	380	wheel	0	
mouseMove	window	FolderView	widget	2752896	date	2009 10 20 - 08:26:12	timeStampS	1256019972.51	injected	0	xPix	280	yPix	384	wheel	0	
mouseMove	window	FolderView	widget	2752896	date	2009 10 20 - 08:26:12	timeStampS	1256019972.52	injected	0	xPix	279	yPix	385	wheel	0	
mouseMove	window	FolderView	widget	2752896	date	2009 10 20 - 08:26:12	timeStampS	1256019972.53	injected	0	xPix	278	yPix	386	wheel	0	
mouseMove	window	FolderView	widget	2752896	date	2009 10 20 - 08:26:12	timeStampS	1256019972.54	injected	0	xPix	278	yPix	387	wheel	0	
mouseMove	window	FolderView	widget	2752896	date	2009 10 20 - 08:26:12	timeStampS	1256019972.55	injected	0	xPix	277	yPix	388	wheel	0	
mouseMove	window	FolderView	widget	2752896	date	2009 10 20 - 08:26:12	timeStampS	1256019972.56	injected	0	xPix	276	yPix	388	wheel	0	
mouseMove	window	FolderView	widget	2752896	date	2009 10 20 - 08:26:12	timeStampS	1256019972.57	injected	0	xPix	276	yPix	389	wheel	0	
mouseMove	window	FolderView	widget	2752896	date	2009 10 20 - 08:26:12	timeStampS	1256019972.58	injected	0	xPix	276	yPix	389	wheel	0	
mouseMove	window	FolderView	widget	2752896	date	2009 10 20 - 08:26:12	timeStampS	1256019972.59	injected	0	xPix	275	yPix	389	wheel	0	
mouseLeftDown	window	FolderView	widget	2752896	date	2009 10 20 - 08:26:13	timeStampS	1256019973.04	injected	0	xPix	275	yPix	389	wheel	0	
mouseLeftUp	window	FolderView	widget	2752896	date	2009 10 20 - 08:26:13	timeStampS	1256019973.11	injected	0	xPix	275	yPix	389	wheel	0	
mouseLeftDown	window	FolderView	widget	2752896	date	2009 10 20 - 08:26:13	timeStampS	1256019973.18	injected	0	xPix	275	yPix	389	wheel	0	
mouseLeftUp	window	FolderView	widget	2752896	date	2009 10 20 - 08:26:13	timeStampS	1256019973.28	injected	0	xPix	275	yPix	389	wheel	0	
stopLogger	window	C:\lesia\projects\basic_key_logger\standalone	widget	327932	date	2009 10 20 - 08:26:18	timeStampS	1256019978.28	injected	1	session	0	block	0	trial	0	
